Host Name,Number of Stars,Number of Planets,Radius (Thousands of Astronomical Units),Host (Galaxy)
11 Com,2,1,297.21,Fireworks Galaxy
11 UMi,1,1,137.018,Barnard's Galaxy
14 And,1,1,238.6,Butterfly Galaxies
14 Her,1,2,149.802,Blinking Galaxy
16 Cyg B,3,1,8.835,Black Eye Galaxy
17 Sco,1,1,156.449,Andromeda Galaxy
18 Del,2,1,157.952,Bear Paw Galaxy
1RXS J160929.1-210524,1,1,149.301,Helix Galaxy
24 Boo,1,1,135.129,Meathook Galaxy
24 Sex,1,2,295.917,Lindsay-Shapley Ring
2MASS J04372171+2651014,1,1,166.934,Cigar Galaxy
2MASS J01033563-5515561 A,2,1,1.758,Grasshopper
2MASS J01225093-2439505,1,1,137.577,Condor Galaxy
2MASS J02192210-3925225,1,1,160.388,Southern Pinwheel Galaxy
2MASS J0249-0557 A,2,1,281.487,Triangulum Galaxy
2MASS J03590986+2009361,1,1,105.928,Mayall's Object
2MASS J04414489+2301513,1,1,146.781,Cigar Galaxy
2MASS J11011926-7732383,1,1,201.526,Hidden Galaxy
2MASS J11550485-7919108,1,1,152.011,Butterfly Galaxies
2MASS J12073346-3932539,1,1,224.78,Coma Pinwheel Galaxy
2MASS J19383260+4603591,2,3,22.783,Coma Pinwheel Galaxy
2MASS J21252752-8138278,1,1,81.95,Hoag's Object
2MASS J22362452+4751425,1,1,107.155,Andromeda Galaxy
30 Ari B,4,1,57.298,Fireworks Galaxy
4 UMa,1,1,80.488,Alcyoneus
42 Dra,2,1,5.934,Lindsay-Shapley Ring
47 UMa,1,3,126.428,Cosmos Redshift 7
51 Eri,3,1,267.131,Little Sombrero Galaxy
51 Peg,1,1,178.847,Mayall's Object
55 Cnc,2,5,153.424,Backward Galaxy
6 Lyn,1,1,27.1,Black Eye Galaxy
61 Vir,1,3,56.32,Sombrero Galaxy
7 CMa,1,2,121.838,Malin 1
70 Vir,1,1,271.357,Fried Egg Galaxy
75 Cet,2,2,184.592,Cigar Galaxy
8 UMi,1,1,223.315,Pinwheel Galaxy
81 Cet,1,1,197.683,Starfish Galaxy
91 Aqr,3,1,49.733,Milky Way
AB Aur,1,1,176.233,Fried Egg Galaxy
AB Pic,1,1,42.62,Needle Galaxy
AF Lep,1,1,71.562,Fried Egg Galaxy
AU Mic,1,3,125.728,Condor Galaxy
BD+03 2562,1,1,114.541,Godzilla Galaxy
BD+14 4559,1,1,246.29,Backward Galaxy
BD+15 2375,1,1,273.939,Wolf-Lundmark-Melotte
BD+15 2940,1,1,199.17,Godzilla Galaxy
BD+20 2457,1,2,1.343,Eye of God
BD+20 274,1,1,88.15,Backward Galaxy
BD+20 594,1,1,62.155,Black Eye Galaxy
BD+45 564,1,1,289.774,Circinus Galaxy
BD+48 738,1,1,101.979,Needle Galaxy
BD+48 740,1,1,158.348,Cigar Galaxy
BD+49 828,1,1,81.674,Southern Pinwheel Galaxy
BD+55 362,1,1,32.081,Sculptor Galaxy
BD+60 1417,1,1,254.005,Whirlpool Galaxy
BD+63 1405,1,1,240.812,Godzilla Galaxy
BD-06 1339,1,2,278.866,Godzilla Galaxy
BD-08 2823,1,2,259.115,Butterfly Galaxies
BD-10 3166,1,1,70.973,Backward Galaxy
BD-11 4672,1,2,115.031,Blinking Galaxy
BD-13 2130,1,1,242.775,Meathook Galaxy
BD-14 3065 A,3,1,117.748,Helix Galaxy
BD-17 63,1,1,264.111,Sunflower Galaxy
BD-210397,1,2,215.266,Hockey Stick Galaxies
Barnard's star,1,1,190.294,Hockey Stick Galaxies
CD Cet,1,1,148.357,Butterfly Galaxies
CFBDSIR J145829+101343,1,1,137.369,Mayall's Object
CFHTWIR-Oph 98 A,1,1,234.085,Lindsay-Shapley Ring
CHXR 73,1,1,221.635,Hoag's Object
CI Tau,1,1,273.153,Grasshopper
COCONUTS-2 A,1,1,201.11,Condor Galaxy
CT Cha,1,1,213.304,Helix Galaxy
CoRoT-1,1,1,277.972,Medusa Merger
CoRoT-10,1,1,87.09,Large Magellanic Cloud
CoRoT-11,1,1,0.096,Spiderweb Galaxy
CoRoT-12,1,1,258.141,Helix Galaxy
CoRoT-13,1,1,288.951,Spiderweb Galaxy
CoRoT-14,1,1,222.139,Cartwheel Galaxy
CoRoT-16,1,1,54.156,Comet Galaxy
CoRoT-17,1,1,4.501,Whale Galaxy
CoRoT-18,1,1,85.934,Cosmos Redshift 7
CoRoT-19,1,1,88.466,Cigar Galaxy
CoRoT-2,2,1,280.022,Large Magellanic Cloud
CoRoT-20,1,2,251.971,Blinking Galaxy
CoRoT-21,1,1,6.246,Sunflower Galaxy
CoRoT-22,1,1,292.355,Fireworks Galaxy
CoRoT-23,1,1,120.807,Hidden Galaxy
CoRoT-24,1,2,266.377,Backward Galaxy
CoRoT-25,1,1,177.102,Sculptor Dwarf Galaxy
CoRoT-26,1,1,294.042,Butterfly Galaxies
CoRoT-27,1,1,51.382,Butterfly Galaxies
CoRoT-28,1,1,35.624,UFO Galaxy
CoRoT-29,1,1,153.614,Hoag's Object
CoRoT-3,1,1,181.609,Malin 1
CoRoT-30,1,1,223.904,Andromeda Galaxy
CoRoT-31,1,1,136.387,Cocoon Galaxy
CoRoT-35,1,1,212.015,Cartwheel Galaxy
CoRoT-36,1,1,252.716,Fried Egg Galaxy
CoRoT-4,1,1,86.116,Whirlpool Galaxy
CoRoT-5,1,1,233.695,Meathook Galaxy
CoRoT-6,1,1,95.586,Small Magellanic Cloud
CoRoT-7,1,3,25.385,Hockey Stick Galaxies
CoRoT-8,1,1,220.723,Sunflower Galaxy
CoRoT-9,2,1,218.55,Large Magellanic Cloud
CoRoTID 223977153,1,1,79.275,Fireworks Galaxy
DE CVn,2,1,117.502,Spiderweb Galaxy
DENIS-P J082303.1-491201,1,1,224.564,Eye of Sauron
DH Tau,1,1,64.907,Cocoon Galaxy
DMPP-1,1,4,73.991,Small Magellanic Cloud
DMPP-2,1,1,64.835,Butterfly Galaxies
DMPP-3 A,2,1,24.17,Hidden Galaxy
DMPP-4,1,1,215.295,Black Eye Galaxy
DP Leo,2,1,253.548,Fried Egg Galaxy
DS Tuc A,2,1,4.497,Cosmos Redshift 7
EPIC 201170410,1,1,74.154,Knife Edge Galaxy
EPIC 201238110,1,1,175.125,Coma Pinwheel Galaxy
EPIC 201427007,1,1,128.1,Grasshopper
EPIC 201497682,1,1,251.25,Helix Galaxy
EPIC 201595106,1,2,168.092,Triangulum Galaxy
K2-166,1,2,185.166,Needle Galaxy
K2-16,1,3,33.148,Condor Galaxy
EPIC 201757695,1,1,225.566,Barnard's Galaxy
K2-50,1,2,152.008,Southern Pinwheel Galaxy
EPIC 201841433,1,1,75.992,Medusa Merger
K2-168,1,2,206.734,Fireworks Galaxy
EPIC 206024342,1,3,239.207,Little Sombrero Galaxy
EPIC 206032309,1,1,216.194,Medusa Merger
EPIC 206042996,1,2,96.228,Meathook Galaxy
EPIC 206215704,1,1,289.711,Bode's Galaxy
EPIC 206317286,1,2,8.799,Hockey Stick Galaxies
EPIC 211822797,1,1,92.202,Wolf-Lundmark-Melotte
EPIC 211945201,1,1,266.474,Eye of God
EPIC 212297394,1,2,133.472,Dusty Hand Galaxy
EPIC 212424622,1,1,74.552,Fireworks Galaxy
EPIC 212499991,1,1,108.756,Black Eye Galaxy
EPIC 212587672,1,2,193.323,Andromeda Galaxy
EPIC 212624936,1,2,157.717,Bode's Galaxy
EPIC 212737443,1,2,299.165,Bode's Galaxy
EPIC 220492298,1,1,239.103,Large Magellanic Cloud
K2-282,1,2,210.816,Antennae Galaxies
EPIC 220674823,1,2,256.969,Comet Galaxy
EPIC 228836835,1,1,253.485,Grasshopper
EPIC 229004835,1,1,83.772,#N/A
EPIC 246851721,2,1,132.316,Cosmos Redshift 7
EPIC 248847494,1,1,237.798,Backward Galaxy
EPIC 249893012,1,3,215.797,Cosmos Redshift 7
FU Tau,1,1,226.425,Coma Pinwheel Galaxy
G 196-3,1,1,20.038,Whirlpool Galaxy
G 264-012,1,2,230.599,Whale Galaxy
G 9-40,1,1,236.863,Godzilla Galaxy
GJ 1002,1,2,204.863,Coma Pinwheel Galaxy
GJ 1061,1,3,108.962,Cosmos Redshift 7
GJ 1132,1,2,70.606,Lindsay-Shapley Ring
GJ 1148,1,2,43.345,Meathook Galaxy
GJ 1151,1,1,100.277,Little Sombrero Galaxy
GJ 1214,1,1,147.943,UFO Galaxy
GJ 1252,1,1,46.895,Hoag's Object
GJ 1265,1,1,167.576,Hockey Stick Galaxies
GJ 143,1,2,255.654,Little Sombrero Galaxy
GJ 15 A,2,2,286.623,Hoag's Object
GJ 160.2,1,1,215.61,Skyrocket Galaxy
GJ 163,1,3,241.382,Wolf-Lundmark-Melotte
GJ 179,1,1,229.182,Antennae Galaxies
GJ 180,1,3,39.474,Cocoon Galaxy
GJ 2030,1,2,232.314,Cosmos Redshift 7
GJ 2056,1,1,53.856,Knife Edge Galaxy
GJ 229,3,2,201.104,Black Eye Galaxy
GJ 238,1,1,36.544,Small Magellanic Cloud
GJ 251,1,1,249.303,Grasshopper
GJ 27.1,1,1,152.469,#N/A
GJ 273,1,2,64.695,Cigar Galaxy
GJ 3021,2,1,127.457,Bode's Galaxy
GJ 3082,1,1,89.604,Fried Egg Galaxy
GJ 3090,1,1,177.985,Grasshopper
GJ 3138,1,3,190.832,Fireworks Galaxy
GJ 317,1,2,265.31,Fried Egg Galaxy
GJ 3222,2,1,39.01,Barnard's Galaxy
GJ 328,1,2,132.549,Porphyrion
GJ 3293,1,4,248.428,Paramecium Galaxy
GJ 3323,1,2,142.548,Mice Galaxies
GJ 3341,1,1,19.43,Fried Egg Galaxy
GJ 338 B,2,1,250.015,Malin 1
GJ 3470,1,1,29.81,Circinus Galaxy
GJ 3473,2,2,83.682,Knife Edge Galaxy
GJ 3512,1,2,13.873,Antennae Galaxies
GJ 357,1,3,124.017,Wolf-Lundmark-Melotte
GJ 3634,1,1,173.318,Barnard's Galaxy
GJ 367,1,3,73.522,Fireworks Galaxy
GJ 3779,1,1,31.312,Butterfly Galaxies
GJ 3929,1,2,11.23,Antennae Galaxies
GJ 393,1,1,287.302,Knife Edge Galaxy
GJ 3942,1,1,198.461,Sombrero Galaxy
GJ 3988,1,1,232.545,Cosmos Redshift 7
GJ 3998,1,2,122.678,UFO Galaxy
GJ 411,1,2,297.361,Eye of Sauron
GJ 414 A,2,2,122.745,Condor Galaxy
GJ 422,1,1,240.162,Mayall's Object
GJ 4276,1,1,47.598,Eye of Sauron
GJ 433,1,3,122.625,UFO Galaxy
GJ 436,1,1,32.609,Whale Galaxy
GJ 463,1,1,42.681,Hockey Stick Galaxies
GJ 480,1,1,97.49,Circinus Galaxy
GJ 486,1,1,222.831,Mayall's Object
GJ 504,1,1,45.26,Meathook Galaxy
GJ 514,1,1,150.662,Knife Edge Galaxy
GJ 536,1,1,103.066,Hoag's Object
GJ 581,1,3,92.38,Mice Galaxies
GJ 625,1,1,161.217,Comet Galaxy
GJ 649,1,1,157.42,Mice Galaxies
GJ 667 C,3,5,219.998,Black Eye Galaxy
GJ 674,1,1,105.19,Backward Galaxy
GJ 676 A,2,4,247.489,Cartwheel Galaxy
GJ 680,2,1,96.912,Condor Galaxy
GJ 682,1,2,264.757,Sculptor Dwarf Galaxy
GJ 685,1,1,48.851,Skyrocket Galaxy
GJ 687,1,2,134.992,Andromeda Galaxy
GJ 720 A,2,1,225.342,Cartwheel Galaxy
GJ 724,1,1,12.44,Cocoon Galaxy
GJ 740,1,1,114.078,Peekaboo Galaxy
GJ 806,1,2,90.248,Eye of Sauron
GJ 832,1,1,73.177,Cartwheel Galaxy
GJ 849,1,2,40.168,Grasshopper
GJ 86,2,1,147.991,Fireworks Galaxy
GJ 876,1,4,46.635,Medusa Merger
GJ 887,1,2,184.703,Cigar Galaxy
GJ 896 A,2,1,111.304,Black Eye Galaxy
GJ 900 A,3,1,234.877,Tadpole Galaxy
GJ 9066,1,1,12.595,Barnard's Galaxy
GJ 9404,1,1,294.815,Fireworks Galaxy
GJ 96,1,1,233.679,Starfish Galaxy
GJ 9689,1,1,70.769,Eye of God
GJ 9714,1,1,30.499,Sombrero Galaxy
GJ 9827,1,3,175.143,Butterfly Galaxies
GPX-1,1,1,15.766,Medusa Merger
GQ Lup,1,1,58.328,Cosmos Redshift 7
GSC 06214-00210,1,1,84.463,Black Eye Galaxy
GU Psc,1,1,153.921,Paramecium Galaxy
Gaia-1,1,1,46.26,Black Eye Galaxy
Gaia-2,1,1,121.558,Eye of Sauron
Gaia22dkvL,1,1,110.996,Small Magellanic Cloud
Gl 378,1,1,66.283,Wolf-Lundmark-Melotte
Gl 49,2,1,99.541,Barnard's Galaxy
Gl 686,1,1,121.175,Condor Galaxy
Gliese 12,1,1,66.877,Alcyoneus
HAT-P-1,2,1,75.114,Lindsay-Shapley Ring
HAT-P-11,1,2,207.737,Hockey Stick Galaxies
HAT-P-12,1,1,67.131,Helix Galaxy
HAT-P-13,1,2,290.884,Butterfly Galaxies
HAT-P-14,2,1,173.672,Comet Galaxy
HAT-P-15,1,1,116.669,Circinus Galaxy
HAT-P-16,3,1,51.947,Cocoon Galaxy
HAT-P-17,1,2,73.944,Starfish Galaxy
HAT-P-18,1,1,67.94,Circinus Galaxy
HAT-P-19,1,1,50.457,Cosmos Redshift 7
HAT-P-2,1,2,267.033,Dusty Hand Galaxy
HAT-P-20,1,1,18.552,Sombrero Galaxy
HAT-P-21,1,1,154.649,Meathook Galaxy
HAT-P-22,2,1,243.576,Eye of Sauron
HAT-P-23,1,1,18.409,Hockey Stick Galaxies
HAT-P-24,2,1,1.918,Cocoon Galaxy
HAT-P-25,1,1,87.673,Eye of God
HAT-P-26,1,1,5.1,Circinus Galaxy
HAT-P-27,2,1,205.994,Black Eye Galaxy
HAT-P-28,1,1,241.134,Medusa Merger
HAT-P-29,2,1,163.826,Malin 1
HAT-P-3,2,1,12.218,Bear Paw Galaxy
HAT-P-30,2,1,99.397,Eye of God
HAT-P-31,1,1,285.197,Cartwheel Galaxy
HAT-P-32,2,1,142.404,Peekaboo Galaxy
HAT-P-33,2,1,226.089,Circinus Galaxy
HAT-P-34,1,1,95.033,Eye of God
HAT-P-35,3,1,15.655,Eye of God
HAT-P-36,1,1,150.723,Black Eye Galaxy
HAT-P-37,1,1,186.312,Bode's Galaxy
HAT-P-38,1,1,157.406,Large Magellanic Cloud
HAT-P-39,2,1,103.253,Backward Galaxy
HAT-P-4,2,1,224.665,Little Sombrero Galaxy
HAT-P-40,1,1,92.587,Large Magellanic Cloud
HAT-P-41,2,1,18.546,Hockey Stick Galaxies
HAT-P-42,1,1,261.199,Mice Galaxies
HAT-P-43,1,1,77.455,Large Magellanic Cloud
HAT-P-44,1,2,29.251,Spiderweb Galaxy
HAT-P-45,1,1,192.314,Bode's Galaxy
HAT-P-46,1,1,221.106,Black Eye Galaxy
HAT-P-49,1,1,104.262,Sculptor Galaxy
HAT-P-5,1,1,24.493,Bear Paw Galaxy
HAT-P-50,1,1,212.945,Meathook Galaxy
HAT-P-51,1,1,295.422,Milky Way
HAT-P-52,1,1,184.375,Sculptor Dwarf Galaxy
HAT-P-53,1,1,83.039,Comet Galaxy
HAT-P-54,1,1,240.618,Hoag's Object
HAT-P-55,1,1,297.435,Grasshopper
HAT-P-56,1,1,8.018,Small Magellanic Cloud
HAT-P-57,3,1,63.659,Mice Galaxies
HAT-P-58,1,1,174.571,Andromeda Galaxy
HAT-P-59,1,1,248.43,Sunflower Galaxy
HAT-P-6,1,1,10.076,Triangulum Galaxy
HAT-P-60,1,1,249.164,Whale Galaxy
HAT-P-61,1,1,267.192,Bear Paw Galaxy
HAT-P-62,1,1,73.838,Topsy Turvy Galaxy
HAT-P-63,1,1,238.59,Circinus Galaxy
HAT-P-64,1,1,251.841,#N/A
HAT-P-65,1,1,170.896,Whale Galaxy
HAT-P-66,1,1,190.467,Malin 1
HAT-P-67,2,1,237.758,Sculptor Dwarf Galaxy
HAT-P-68,1,1,163.009,Bear Paw Galaxy
HAT-P-69,1,1,85.047,Sculptor Dwarf Galaxy
HAT-P-7,2,1,97.163,Milky Way
HAT-P-70,1,1,149.378,Andromeda Galaxy
HAT-P-8,3,1,151.214,Little Sombrero Galaxy
HAT-P-9,1,1,143.232,Backward Galaxy
HATS-1,1,1,144.019,Milky Way
HATS-10,1,1,54.486,Paramecium Galaxy
HATS-11,1,1,179.043,Hoag's Object
HATS-12,1,1,166.728,Medusa Merger
HATS-13,1,1,56.794,Blinking Galaxy
HATS-14,1,1,188.166,Sculptor Dwarf Galaxy
HATS-15,1,1,108.803,Alcyoneus
HATS-16,1,1,29.77,Triangulum Galaxy
HATS-17,1,1,236.926,Bode's Galaxy
HATS-18,1,1,191.671,Cigar Galaxy
HATS-2,1,1,36.217,Sculptor Galaxy
HATS-22,1,1,42.414,Large Magellanic Cloud
HATS-23,1,1,294.219,Circinus Galaxy
HATS-24,1,1,256.933,Large Magellanic Cloud
HATS-25,1,1,158.728,Cosmos Redshift 7
HATS-26,1,1,191.922,Bear Paw Galaxy
HATS-27,1,1,135.231,Needle Galaxy
HATS-28,1,1,254.136,Large Magellanic Cloud
HATS-29,1,1,185.153,Porpoise Galaxy
HATS-3,1,1,189.999,Large Magellanic Cloud
HATS-30,2,1,8.1,Grasshopper
HATS-31,1,1,243.258,Pinwheel Galaxy
HATS-32,1,1,98.06,Godzilla Galaxy
HATS-33,1,1,203.503,Spider Galaxy
HATS-34,1,1,30.06,Barnard's Galaxy
HATS-35,1,1,257.822,Skyrocket Galaxy
HATS-36,1,1,146.036,Fried Egg Galaxy
HATS-37 A,2,1,156.324,Helix Galaxy
HATS-38,1,1,146.634,Cosmos Redshift 7
HATS-39,1,1,293.987,Dusty Hand Galaxy
HATS-4,1,1,240.275,Condor Galaxy
HATS-40,1,1,83.317,Medusa Merger
HATS-41,1,1,123.687,Bode's Galaxy
HATS-42,1,1,2.481,Cartwheel Galaxy
HATS-43,1,1,171.151,Fireworks Galaxy
HATS-44,1,1,254.82,Comet Galaxy
HATS-45,1,1,127.628,Circinus Galaxy
HATS-46,1,1,67.28,Cigar Galaxy
HATS-47,1,1,213.52,Meathook Galaxy
HATS-48 A,2,1,0.62,Bode's Galaxy
HATS-49,1,1,215.939,Grasshopper
HATS-5,1,1,168.86,Topsy Turvy Galaxy
HATS-50,1,1,223.765,Sculptor Galaxy
HATS-51,1,1,24.881,Condor Galaxy
HATS-52,1,1,4.863,Little Sombrero Galaxy
HATS-53,1,1,14.203,Lindsay-Shapley Ring
HATS-54,1,1,234.422,Cocoon Galaxy
HATS-55,1,1,111.392,Pinwheel Galaxy
HATS-56,1,1,276.277,Blinking Galaxy
HATS-57,1,1,30.867,Triangulum Galaxy
HATS-58 A,2,1,285.506,Knife Edge Galaxy
HATS-59,1,2,241.456,Alcyoneus
HATS-6,1,1,183.322,Butterfly Galaxies
HATS-60,1,1,128.214,Alcyoneus
HATS-61,1,1,260.04,Whirlpool Galaxy
HATS-62,1,1,286.462,Barnard's Galaxy
HATS-63,1,1,205.8,Bear Paw Galaxy
HATS-64,1,1,75.074,Eye of God
HATS-65,2,1,279.126,Large Magellanic Cloud
HATS-66,1,1,271.496,UFO Galaxy
HATS-67,1,1,109.851,Little Sombrero Galaxy
HATS-68,1,1,237.015,Eye of Sauron
HATS-69,1,1,70.782,#N/A
HATS-7,1,1,181.02,Cartwheel Galaxy
HATS-70,1,1,226.667,Eye of Sauron
HATS-71,1,1,205.886,Fried Egg Galaxy
HATS-72,1,1,2.245,Pinwheel Galaxy
HATS-74 A,2,1,60.518,Cartwheel Galaxy
HATS-75,1,1,94.57,Comet Galaxy
HATS-76,1,1,293.485,Andromeda Galaxy
HATS-77,1,1,140.75,Sculptor Galaxy
HATS-8,1,1,165.687,Butterfly Galaxies
HATS-9,1,1,242.462,Grasshopper
HD 100546,1,1,132.072,Peekaboo Galaxy
HD 100655,2,1,140.92,Helix Galaxy
HD 100777,1,1,229.053,Eye of God
HIP 56998,1,2,238.818,Eye of God
HD 10180,1,6,294.65,Malin 1
HD 101930,2,1,267.124,Cocoon Galaxy
HD 102117,1,1,13.895,Needle Galaxy
HD 102195,1,1,46.744,Helix Galaxy
HD 102272,1,1,284.663,Hockey Stick Galaxies
HD 102329,1,2,154.549,Mice Galaxies
HD 102365,2,1,188.84,Little Sombrero Galaxy
HD 102843,1,1,98.62,Eye of God
HD 102956,2,1,161.351,Porpoise Galaxy
HD 103197,1,1,69.566,Lindsay-Shapley Ring
HD 103720,1,1,57.276,Fried Egg Galaxy
HD 103774,2,1,70.442,Triangulum Galaxy
HD 103891,1,1,254.265,Medusa Merger
HD 103949,1,1,7.89,Hoag's Object
HD 104067,1,2,68.232,Hidden Galaxy
HD 10442,1,1,184.473,Wolf-Lundmark-Melotte
HD 104985,1,1,20.282,Cocoon Galaxy
HD 105618,1,2,98.48,Porphyrion
HD 105779,1,1,18.204,Fireworks Galaxy
HD 106252,1,1,267.916,Sculptor Dwarf Galaxy
HD 106270,1,1,192.209,Pinwheel Galaxy
HD 106315,1,2,294.8,Cartwheel Galaxy
HD 10647,1,1,62.379,Comet Galaxy
HD 106515 A,2,1,177.527,Mice Galaxies
HD 106906,1,1,86.239,Barnard's Galaxy
HD 10697,1,1,146.272,Southern Pinwheel Galaxy
HD 107148,2,2,56.349,Helix Galaxy
HD 108147,1,1,213.003,Sculptor Dwarf Galaxy
HD 108202,1,1,124.745,UFO Galaxy
HD 108236,1,5,245.158,Knife Edge Galaxy
HD 108341,2,1,85.19,Large Magellanic Cloud
HD 108863,1,1,157.419,Black Eye Galaxy
HD 108874,1,2,254.104,Medusa Merger
HD 109246,1,1,48.567,Medusa Merger
HD 109271,1,2,225.656,Starfish Galaxy
HD 109286,1,1,50.613,Mice Galaxies
HD 109749,2,1,47.849,Pinwheel Galaxy
HD 10975,1,1,76.229,Whale Galaxy
HD 109833,1,2,5.884,Backward Galaxy
HD 109988,1,1,150.309,Hockey Stick Galaxies
HD 89744,2,1,7.793,Mice Galaxies
HD 89839,1,1,137.274,Backward Galaxy
HD 90156,1,1,293.004,Topsy Turvy Galaxy
HD 9174,1,1,73.002,Backward Galaxy
HD 92788,1,2,23.807,Circinus Galaxy
HD 93083,1,1,234.614,Little Sombrero Galaxy
HD 93351,1,2,266.588,Backward Galaxy
HD 93385,1,3,212.247,Little Sombrero Galaxy
HD 93963 A,2,2,260.324,Meathook Galaxy
HD 9446,1,2,90.534,Whale Galaxy
HD 94771,1,1,204.064,Cosmos Redshift 7
HD 94834,1,1,249.514,Butterfly Galaxies
HD 95086,1,1,292.54,Porpoise Galaxy
HD 95089,1,2,29.037,Little Sombrero Galaxy
HD 95127,1,1,166.338,Spider Galaxy
HD 95338,1,1,0.286,Needle Galaxy
HD 95544,1,1,271.73,Porphyrion
HD 95872,1,1,275.43,Sculptor Dwarf Galaxy
HD 96063,1,1,289.7,Spider Galaxy
HD 96127,1,1,76.461,Sculptor Dwarf Galaxy
HD 96167,2,1,53.824,Lindsay-Shapley Ring
HD 96700,1,3,73.194,Sculptor Dwarf Galaxy
HD 96992,1,1,235.599,Eye of Sauron
HD 97037,1,1,130.675,Dusty Hand Galaxy
HD 97048,1,1,137.21,Medusa Merger
HD 97658,1,1,257.678,Topsy Turvy Galaxy
HD 98219,1,1,107.97,Barnard's Galaxy
HD 98649,1,1,72.631,Butterfly Galaxies
HD 98736,2,1,50.74,Wolf-Lundmark-Melotte
HD 99109,1,1,267.782,Mice Galaxies
HD 99283,1,1,59.392,Helix Galaxy
HD 99492,2,2,111.986,Butterfly Galaxies
HD 99706,1,2,10.272,Hoag's Object
HIP 105854,1,1,8.27,Mice Galaxies
HIP 107772,1,1,202.869,Topsy Turvy Galaxy
HIP 107773,1,1,136.195,Butterfly Galaxies
HIP 109384,1,1,288.743,Knife Edge Galaxy
HIP 109600,2,1,129.785,Mice Galaxies
HIP 113103,1,2,34.084,Sculptor Dwarf Galaxy
HIP 114933,1,1,66.391,Mice Galaxies
HIP 116454,2,1,8.594,Grasshopper
HIP 12961,1,1,270.973,Hoag's Object
HIP 14810,1,3,53.212,Comet Galaxy
HIP 19976,2,1,176.374,Hidden Galaxy
HIP 21152,2,1,113.193,Little Sombrero Galaxy
HD 42813,1,3,81.145,Whirlpool Galaxy
HIP 34222,1,1,123.203,Lindsay-Shapley Ring
HIP 35173,1,1,108.481,Sombrero Galaxy
HIP 35965,1,1,124.853,Cosmos Redshift 7
HIP 38594,2,2,59.902,Black Eye Galaxy
HIP 39017,1,1,12.248,Spider Galaxy
HIP 41378,1,5,173.209,Dusty Hand Galaxy
HIP 4845,1,1,142.625,Antennae Galaxies
HIP 48714,1,1,214.323,Bear Paw Galaxy
HIP 5158,1,2,162.518,Fried Egg Galaxy
HIP 54373,1,2,260.418,Grasshopper
HIP 54597,1,1,8.181,Pinwheel Galaxy
HIP 55507,1,1,117.167,Cigar Galaxy
HIP 56640,1,1,70.176,Tadpole Galaxy
HIP 57274,1,3,126.204,Barnard's Galaxy
HIP 5763,1,1,46.55,Condor Galaxy
HIP 63242,1,1,255.465,Knife Edge Galaxy
HIP 65 A,2,1,136.685,Paramecium Galaxy
HIP 65407,1,2,80.865,Cigar Galaxy
HIP 65426,1,1,154.189,Bode's Galaxy
HIP 65891,1,1,169.282,Tadpole Galaxy
HIP 66074,1,1,234.27,Cocoon Galaxy
HIP 67522,1,2,59.011,Condor Galaxy
HIP 67537,1,1,47.697,Sculptor Dwarf Galaxy
HIP 67851,1,2,259.372,Whirlpool Galaxy
HIP 70849,2,1,209.306,Medusa Merger
HIP 71135,1,1,173.089,Spiderweb Galaxy
HIP 74890,1,1,47.971,Little Sombrero Galaxy
HIP 75092,1,1,199.646,Small Magellanic Cloud
HIP 77900,1,1,237.94,Eye of Sauron
HIP 78530,1,1,134.661,Lindsay-Shapley Ring
HIP 79098 AB,2,1,68.698,Backward Galaxy
HIP 79431,1,1,94.791,Grasshopper
HIP 81208 C,3,1,80.014,Hoag's Object
HIP 8152,1,2,48.17,Skyrocket Galaxy
HIP 8541,2,2,281.033,Mice Galaxies
HIP 86221,1,1,290.469,Antennae Galaxies
HIP 90988,1,1,271.608,Hoag's Object
HIP 91258,1,1,232.767,Antennae Galaxies
HIP 94235,2,1,195.573,Hockey Stick Galaxies
HIP 948,1,1,21.068,Small Magellanic Cloud
HIP 9618,1,2,69.164,Black Eye Galaxy
HIP 97166,1,2,253.441,Comet Galaxy
HIP 97233,1,1,165.003,Cigar Galaxy
HIP 99770,1,1,45.137,Mice Galaxies
HN Lib,1,1,216.475,Paramecium Galaxy
HN Peg,1,1,107.198,Grasshopper
HR 2562,1,1,290.645,Circinus Galaxy
HR 5183,2,1,107.353,Needle Galaxy
HR 810,1,1,177,Knife Edge Galaxy
HR 858,2,3,277.004,Whirlpool Galaxy
HR 8799,1,4,130.008,Starfish Galaxy
HS Psc,1,1,114.123,Sculptor Dwarf Galaxy
HU Aqr,2,2,143.438,Cartwheel Galaxy
IC 4651 9122,1,1,120.323,Small Magellanic Cloud
IRAS 04125+2902,2,1,260.456,Cosmos Redshift 7
ITG 15 A,2,1,151.394,Mayall's Object
K2-10,1,1,42.324,Blinking Galaxy
K2-100,1,1,103.799,Paramecium Galaxy
K2-101,1,1,26.243,Sunflower Galaxy
K2-102,1,1,156.451,Knife Edge Galaxy
K2-104,1,1,2.308,Cartwheel Galaxy
K2-105,1,1,67.503,Porphyrion
K2-107,1,1,102.334,Hidden Galaxy
K2-108,1,1,102.227,Antennae Galaxies
K2-11,1,1,256.086,Medusa Merger
K2-110,1,1,224.929,Fireworks Galaxy
K2-111,1,2,261.54,Dusty Hand Galaxy
K2-113,1,1,177.531,Little Sombrero Galaxy
K2-114,1,1,255.952,Large Magellanic Cloud
K2-115,1,1,270.92,Backward Galaxy
K2-116,1,1,161.742,Cartwheel Galaxy
K2-117,1,2,89.901,Triangulum Galaxy
K2-118,1,1,125.499,Little Sombrero Galaxy
K2-119,1,1,259.001,Needle Galaxy
K2-12,1,1,127.408,Alcyoneus
K2-121,1,1,163.388,Circinus Galaxy
K2-122,2,1,190.843,Hoag's Object
K2-123,1,1,123.092,Condor Galaxy
K2-124,1,1,34.923,Cocoon Galaxy
K2-125,1,1,245.681,Grasshopper
K2-126,1,1,271.309,Fireworks Galaxy
K2-127,1,1,142.779,Bear Paw Galaxy
K2-128,1,1,238.498,Helix Galaxy
K2-129,1,1,239.249,Bear Paw Galaxy
K2-13,1,1,253.138,Coma Pinwheel Galaxy
K2-130,1,1,46.342,Cartwheel Galaxy
K2-131,1,1,110.655,Cigar Galaxy
K2-132,1,1,234.707,Spiderweb Galaxy
K2-133,1,4,65.201,Topsy Turvy Galaxy
K2-136,2,3,63.337,Cocoon Galaxy
K2-137,1,1,159.7,Peekaboo Galaxy
K2-138,1,6,229.497,Dusty Hand Galaxy
K2-139,1,1,39.234,Meathook Galaxy
K2-14,1,1,125.272,Eye of God
K2-140,1,1,45.21,Little Sombrero Galaxy
K2-141,1,2,70.417,Mayall's Object
K2-146,1,2,120.933,Andromeda Galaxy
K2-147,1,1,32.701,Coma Pinwheel Galaxy
K2-148,2,3,195.235,Paramecium Galaxy
K2-149,1,1,142.214,Wolf-Lundmark-Melotte
K2-15,1,1,9.037,Porpoise Galaxy
K2-150,1,1,194.42,Cocoon Galaxy
K2-151,2,1,38.786,Circinus Galaxy
K2-152,1,1,297.809,Sculptor Dwarf Galaxy
K2-153,1,1,91.832,Cartwheel Galaxy
K2-154,1,2,115.796,Mayall's Object
K2-155,1,3,39.821,Bode's Galaxy
K2-156,1,1,216.923,Small Magellanic Cloud
K2-157,1,1,137.982,Butterfly Galaxies
K2-158,1,2,188.169,Southern Pinwheel Galaxy
K2-159,1,1,150.415,Triangulum Galaxy
K2-160,1,1,98.893,Sculptor Galaxy
K2-161,1,1,29.803,Medusa Merger
K2-162,1,1,204.487,Meathook Galaxy
K2-163,1,1,205.395,Black Eye Galaxy
K2-164,1,1,5.655,Godzilla Galaxy
K2-165,1,3,199.489,Circinus Galaxy
K2-167,1,1,253.087,Porphyrion
K2-169,1,1,36.753,Comet Galaxy
K2-17,1,1,277.58,Whale Galaxy
K2-170,1,2,172.973,Cosmos Redshift 7
K2-171,1,1,200.094,Eye of God
K2-172,1,2,217.838,Cosmos Redshift 7
K2-173,1,1,290.092,Butterfly Galaxies
K2-174,1,1,61.813,UFO Galaxy
K2-175,1,1,196.961,Lindsay-Shapley Ring
K2-176,1,1,286.645,Andromeda Galaxy
K2-177,1,1,155.321,Bear Paw Galaxy
K2-178,1,1,168.387,Malin 1
K2-179,1,1,133.912,Medusa Merger
K2-18,1,2,111.261,Butterfly Galaxies
K2-180,1,1,199.348,Bear Paw Galaxy
K2-181,1,1,16.615,Fried Egg Galaxy
K2-182,1,1,133.596,Malin 1
K2-183,1,3,63.313,Andromeda Galaxy
K2-184,1,1,230.97,Cartwheel Galaxy
K2-185,1,2,122.464,Condor Galaxy
K2-186,1,1,293.864,Circinus Galaxy
K2-187,1,4,288.01,Little Sombrero Galaxy
K2-188,1,2,172.648,Whale Galaxy
K2-189,1,2,67.394,Eye of Sauron
K2-19,1,3,198.914,Porphyrion
K2-190,1,2,193.256,Cocoon Galaxy
K2-191,1,1,71.325,Skyrocket Galaxy
K2-192,1,1,17.719,Fireworks Galaxy
K2-193,1,1,92.931,Helix Galaxy
K2-194,1,1,23.155,Cigar Galaxy
K2-195,1,2,102.744,Barnard's Galaxy
K2-196,1,1,35.14,Southern Pinwheel Galaxy
K2-197,1,1,60.613,Little Sombrero Galaxy
K2-198,1,3,105.893,Blinking Galaxy
K2-199,1,2,8.948,UFO Galaxy
K2-200,1,1,5.09,Cocoon Galaxy
K2-201,1,2,278.456,Knife Edge Galaxy
K2-2016-BLG-0005L,1,1,240.575,Starfish Galaxy
K2-202,1,1,105.299,Backward Galaxy
K2-203,1,1,11.308,Barnard's Galaxy
K2-204,1,1,69.398,Hidden Galaxy
K2-205,1,1,135.512,Condor Galaxy
K2-206,1,1,49.503,Little Sombrero Galaxy
K2-207,1,1,53.982,Antennae Galaxies
K2-208,1,1,33.588,Triangulum Galaxy
K2-209,1,1,30.839,Fried Egg Galaxy
K2-21,1,2,272.134,Butterfly Galaxies
K2-210,1,1,197.049,Barnard's Galaxy
K2-211,1,1,90.609,Hidden Galaxy
K2-212,1,1,217.047,Hoag's Object
K2-213,1,1,85.177,Skyrocket Galaxy
K2-214,1,1,282.219,Meathook Galaxy
K2-215,1,1,125.106,Grasshopper
K2-216,1,1,178.374,Black Eye Galaxy
K2-217,1,1,173.536,Condor Galaxy
K2-218,1,1,111.379,Spider Galaxy
K2-219,1,3,152.472,Dusty Hand Galaxy
K2-22,2,1,193.072,Small Magellanic Cloud
K2-220,1,1,26.483,Comet Galaxy
K2-221,1,1,277.512,Barnard's Galaxy
K2-222,1,1,236.865,Helix Galaxy
K2-223,1,2,221.528,Backward Galaxy
K2-224,1,2,83.193,Little Sombrero Galaxy
K2-225,1,1,117.675,Grasshopper
K2-226,1,1,191.311,Dusty Hand Galaxy
K2-227,1,1,35.953,Black Eye Galaxy
K2-228,1,1,34.137,Medusa Merger
K2-229,1,2,157.457,Porphyrion
K2-230,1,1,79.716,Condor Galaxy
K2-231,1,1,160.838,Backward Galaxy
K2-232,1,1,137.979,Sculptor Galaxy
K2-233,1,3,107.884,Medusa Merger
K2-237,1,1,164.286,Bear Paw Galaxy
K2-238,1,1,98.959,Sculptor Dwarf Galaxy
K2-239,1,3,229.369,Dusty Hand Galaxy
K2-24,1,2,3.159,Malin 1
K2-240,1,2,9.735,Fireworks Galaxy
K2-241,1,1,31.873,Whirlpool Galaxy
K2-242,1,1,184.095,Hockey Stick Galaxies
K2-243,1,2,86.795,Eye of God
K2-244,1,1,77.249,Skyrocket Galaxy
K2-245,1,1,214.482,Cocoon Galaxy
K2-246,1,1,128.942,Triangulum Galaxy
K2-247,1,2,183.28,Little Sombrero Galaxy
K2-248,1,1,66.22,Sombrero Galaxy
K2-249,1,1,190.044,Medusa Merger
K2-25,1,1,264.466,Cosmos Redshift 7
K2-250,1,1,75.856,Porpoise Galaxy
K2-251,1,1,107.71,Hoag's Object
K2-252,1,1,1.358,Comet Galaxy
K2-253,1,1,276.325,Porphyrion
K2-254,1,2,178.061,Milky Way
K2-255,1,1,245.817,Starfish Galaxy
K2-257,1,1,3.976,Hoag's Object
K2-258,1,1,86.688,Medusa Merger
K2-259,1,1,219.727,Blinking Galaxy
K2-26,1,1,262.103,Barnard's Galaxy
K2-260,1,1,81.352,Condor Galaxy
K2-261,1,1,61.698,Knife Edge Galaxy
K2-263,1,1,113.136,Circinus Galaxy
K2-264,1,2,56.031,Grasshopper
K2-265,2,1,184.492,Eye of Sauron
K2-266,2,4,75.23,Black Eye Galaxy
K2-268,1,5,151.382,Sunflower Galaxy
K2-269,1,1,193.101,Topsy Turvy Galaxy
K2-27,3,1,144.597,Circinus Galaxy
K2-270,1,2,157.943,Triangulum Galaxy
K2-271,1,1,298.149,Alcyoneus
K2-272,1,1,43.238,Hoag's Object
K2-273,1,1,5.544,Condor Galaxy
K2-274,1,1,89.582,Whale Galaxy
K2-275,1,2,39.519,Coma Pinwheel Galaxy
K2-276,1,1,148.08,Meathook Galaxy
K2-277,1,1,224.763,Bear Paw Galaxy
K2-278,1,1,169.635,Topsy Turvy Galaxy
K2-279,1,1,90.429,Pinwheel Galaxy
K2-28,1,1,8.644,Milky Way
K2-280,1,1,132.22,Antennae Galaxies
K2-281,1,1,188.253,Dusty Hand Galaxy
K2-283,1,1,75.68,Pinwheel Galaxy
K2-284,1,1,136.49,Malin 1
K2-285,1,4,72.092,Eye of God
K2-286,1,1,155.372,Hoag's Object
K2-287,1,1,147.712,Butterfly Galaxies
K2-288 B,2,1,272.545,Godzilla Galaxy
K2-289,1,1,68.033,Helix Galaxy
K2-29,2,1,104.105,UFO Galaxy
K2-290,3,2,151.001,Meathook Galaxy
K2-291,1,1,107.113,Hidden Galaxy
K2-292,1,1,225.975,Hidden Galaxy
K2-293,1,1,74.809,Hockey Stick Galaxies
K2-294,1,1,208.391,Whale Galaxy
K2-295,1,1,132.897,Godzilla Galaxy
K2-3,1,3,227.792,Sculptor Dwarf Galaxy
K2-30,1,1,245.687,Tadpole Galaxy
K2-308,1,1,49.669,Whirlpool Galaxy
K2-31,2,1,123.377,Godzilla Galaxy
HD 80653,1,2,273.145,Mice Galaxies
K2-315,1,1,4.909,Large Magellanic Cloud
K2-316,1,2,284.225,Andromeda Galaxy
K2-317,1,1,141.937,Grasshopper
K2-318,1,1,278.689,Milky Way
K2-319,1,1,16.587,Bode's Galaxy
K2-32,2,4,239.466,Fireworks Galaxy
K2-320,1,1,80.772,Alcyoneus
K2-321,1,1,234.416,Tadpole Galaxy
K2-322,1,1,66.768,Helix Galaxy
K2-323,1,1,76.043,Southern Pinwheel Galaxy
K2-324,1,1,84.622,Comet Galaxy
K2-325,1,1,64.735,Condor Galaxy
K2-326,1,1,47.839,Circinus Galaxy
K2-329,1,1,104.88,Skyrocket Galaxy
K2-33,1,1,144.962,Porpoise Galaxy
K2-330,1,1,234.567,Lindsay-Shapley Ring
K2-331,1,2,268.624,Fireworks Galaxy
K2-332,1,1,58.879,Whale Galaxy
K2-333,1,1,3.882,Southern Pinwheel Galaxy
K2-334,1,1,279.48,Whale Galaxy
K2-335,1,1,247.594,Lindsay-Shapley Ring
K2-336,1,1,222.139,Pinwheel Galaxy
K2-337,1,1,159.218,Pinwheel Galaxy
K2-338,1,1,87.635,Antennae Galaxies
K2-339,1,1,21.825,Eye of God
K2-34,1,1,270.357,Hoag's Object
K2-340,1,1,86.722,Bear Paw Galaxy
K2-341,1,1,108.687,Andromeda Galaxy
K2-342,1,1,2.014,Eye of God
K2-343,1,2,12.593,Godzilla Galaxy
K2-344,1,1,131.04,Andromeda Galaxy
K2-345,1,1,209.659,Lindsay-Shapley Ring
K2-346,1,1,294.932,Triangulum Galaxy
K2-347,1,1,54.441,Andromeda Galaxy
K2-348,1,2,276.523,Paramecium Galaxy
K2-349,1,1,267.461,Eye of God
K2-35,1,2,178.652,Godzilla Galaxy
K2-350,1,2,115.771,Paramecium Galaxy
K2-351,1,1,158.324,Skyrocket Galaxy
K2-352,1,3,142.074,Antennae Galaxies
K2-353,1,1,99.194,Sculptor Dwarf Galaxy
K2-354,1,1,91.081,Sculptor Dwarf Galaxy
K2-355,1,1,179.628,Andromeda Galaxy
K2-356,1,1,250.338,Cosmos Redshift 7
K2-357,1,1,217.511,Eye of God
K2-358,1,1,149.677,Meathook Galaxy
K2-36,1,2,119.313,Cosmos Redshift 7
K2-365,1,1,158.243,Cartwheel Galaxy
K2-366,1,1,198.916,Spider Galaxy
K2-367,1,1,54.355,Whale Galaxy
K2-368,1,3,12.392,Knife Edge Galaxy
K2-369,1,1,141.39,Hoag's Object
K2-37,1,3,268.023,Porpoise Galaxy
K2-370,1,1,44.791,Lindsay-Shapley Ring
K2-371,1,1,248.034,Grasshopper
K2-372,1,1,249.319,Backward Galaxy
K2-373,1,1,170.382,Condor Galaxy
K2-374,1,2,266.115,Dusty Hand Galaxy
K2-375,1,1,2.142,Bode's Galaxy
K2-376,1,1,285.919,Lindsay-Shapley Ring
K2-377,1,1,276.831,Large Magellanic Cloud
K2-378,1,1,182.346,Eye of Sauron
K2-379,1,1,63.756,Alcyoneus
K2-38,1,2,150.561,Barnard's Galaxy
K2-380,1,1,31.754,Andromeda Galaxy
K2-381,1,3,203.24,Sculptor Dwarf Galaxy
K2-382,1,1,202.081,Fried Egg Galaxy
K2-383,1,1,185.124,Dusty Hand Galaxy
K2-384,1,5,158.854,Fried Egg Galaxy
K2-385,1,1,128.602,Blinking Galaxy
K2-386,1,1,102.134,Sculptor Galaxy
K2-387,1,1,110.087,Antennae Galaxies
K2-388,1,1,1.776,Eye of God
K2-389,1,2,117.045,Sculptor Galaxy
K2-39,1,1,92.424,Medusa Merger
K2-390,1,1,179.072,Cocoon Galaxy
K2-391,1,1,114.819,Bode's Galaxy
K2-392,1,1,66.918,Dusty Hand Galaxy
K2-393,1,1,55.129,Porphyrion
K2-394,1,1,208.31,Backward Galaxy
K2-395,1,2,239.389,Topsy Turvy Galaxy
K2-396,1,2,12.357,Circinus Galaxy
K2-397,1,1,106.302,Tadpole Galaxy
K2-398,1,2,257.008,Lindsay-Shapley Ring
K2-4,1,1,287.157,Antennae Galaxies
K2-400,1,1,246.506,Andromeda Galaxy
K2-401,1,1,195.092,Godzilla Galaxy
K2-402,1,1,157.438,Triangulum Galaxy
K2-403,1,1,118.567,Knife Edge Galaxy
K2-404,1,1,23.242,Spider Galaxy
K2-405,1,1,62.869,Blinking Galaxy
K2-406,1,1,272.856,Cocoon Galaxy
K2-407,1,2,295.09,Barnard's Galaxy
K2-408,1,1,251.09,Godzilla Galaxy
K2-409,1,1,212.712,Porphyrion
K2-411,1,1,276.695,Coma Pinwheel Galaxy
K2-412,1,1,164.536,Whirlpool Galaxy
K2-413,1,2,134.29,Helix Galaxy
K2-414,1,2,96.068,Tadpole Galaxy
K2-415,1,1,258.2,Large Magellanic Cloud
K2-416,1,1,228.418,Little Sombrero Galaxy
K2-417,1,1,244.294,Bear Paw Galaxy
K2-419 A,2,1,6.694,Southern Pinwheel Galaxy
K2-42,1,1,14.74,Mice Galaxies
K2-43,1,2,22.749,Skyrocket Galaxy
K2-44,1,1,271.629,Whirlpool Galaxy
K2-45,1,1,245.339,Hidden Galaxy
K2-46,1,1,61.274,Cosmos Redshift 7
K2-47,1,1,91.693,Condor Galaxy
K2-48,1,1,143.04,Pinwheel Galaxy
K2-49,1,1,28.356,Hockey Stick Galaxies
K2-5,1,2,1.338,Spider Galaxy
K2-52,1,1,157.58,Cigar Galaxy
K2-53,1,1,212.158,Grasshopper
K2-54,1,1,228.765,Condor Galaxy
K2-55,1,1,254.299,Cocoon Galaxy
K2-57,1,1,56.664,Backward Galaxy
K2-58,1,3,170.132,Coma Pinwheel Galaxy
K2-59,1,2,260.786,Little Sombrero Galaxy
K2-6,1,1,35.19,Sculptor Dwarf Galaxy
K2-60,1,1,186.916,Cigar Galaxy
K2-61,1,1,139.094,Starfish Galaxy
K2-62,1,2,104.591,Lindsay-Shapley Ring
K2-63,1,2,235.101,Black Eye Galaxy
K2-64,1,1,67.765,Helix Galaxy
K2-65,1,1,260.747,Cigar Galaxy
K2-66,1,1,196.929,Cigar Galaxy
K2-68,1,1,194.177,Hoag's Object
K2-69,1,1,136.622,Barnard's Galaxy
K2-7,1,1,230.772,Sculptor Galaxy
K2-70,1,1,174.769,Circinus Galaxy
K2-71,1,1,61.33,Eye of Sauron
K2-72,1,4,138.191,Black Eye Galaxy
K2-73,1,1,285.004,Mice Galaxies
K2-74,1,1,285.683,Knife Edge Galaxy
K2-75,1,2,287.139,Grasshopper
K2-77,1,1,205.96,Malin 1
K2-79,1,1,57.557,Godzilla Galaxy
K2-8,1,2,27.54,Andromeda Galaxy
K2-80,1,3,29.914,Hidden Galaxy
K2-81,1,1,294.973,Fireworks Galaxy
K2-83,1,2,53.801,Butterfly Galaxies
K2-84,1,2,36.356,Tadpole Galaxy
K2-85,1,1,42.381,Cartwheel Galaxy
K2-86,1,1,183.31,Blinking Galaxy
K2-87,1,1,127.583,Dusty Hand Galaxy
K2-88,1,1,7.587,Sculptor Galaxy
K2-89,1,1,44.462,Sombrero Galaxy
K2-9,1,1,235.605,Porphyrion
K2-90,1,2,114.946,Antennae Galaxies
K2-91,1,1,210.709,Eye of Sauron
K2-95,1,1,231.116,Butterfly Galaxies
K2-97,1,1,6.272,Bear Paw Galaxy
K2-98,1,1,10.883,Hoag's Object
K2-99,1,1,176.505,Cosmos Redshift 7
KELT-1,1,1,229.63,Cosmos Redshift 7
KELT-10,1,1,217.446,Grasshopper
KELT-11,1,1,104.823,Dusty Hand Galaxy
KELT-12,1,1,113.406,Little Sombrero Galaxy
KELT-14,1,1,1.09,Small Magellanic Cloud
KELT-15,2,1,226.602,Porphyrion
KELT-16,2,1,191.157,Godzilla Galaxy
KELT-17,1,1,67.027,Andromeda Galaxy
KELT-18,2,1,47.316,Comet Galaxy
KELT-19 A,2,1,116.893,Meathook Galaxy
KELT-2 A,2,1,272.333,Triangulum Galaxy
KELT-20,1,1,268.744,Godzilla Galaxy
KELT-21,1,1,207.524,Medusa Merger
KELT-23 A,2,1,168.116,Small Magellanic Cloud
KELT-24,2,1,161.86,Hoag's Object
KELT-3,2,1,179.228,Circinus Galaxy
KELT-4 A,3,1,95.568,Cosmos Redshift 7
KELT-6,1,2,56.545,Mice Galaxies
KELT-7,1,1,169.053,Blinking Galaxy
KELT-8,1,1,217.006,Southern Pinwheel Galaxy
KELT-9,2,1,266.783,Porphyrion
KIC 10001893,1,3,202.04,Grasshopper
KIC 10068024,1,1,198.455,Knife Edge Galaxy
KIC 10525077,1,1,42.948,Hockey Stick Galaxies
KIC 3526061,1,1,231.358,Topsy Turvy Galaxy
KIC 3558849,1,1,265.774,Milky Way
KIC 5437945,1,2,246.204,Helix Galaxy
KIC 5479689,1,1,120.524,Cigar Galaxy
KIC 7917485,1,1,215.97,Malin 1
KIC 8121913,1,1,57.575,Bear Paw Galaxy
KOI-7892,1,3,147.351,Malin 1
KIC 9663113,1,2,295.83,Barnard's Galaxy
KMT-2016-BLG-0212L,1,1,291.907,Mice Galaxies
KMT-2016-BLG-1105L,1,1,245.279,Hockey Stick Galaxies
KMT-2016-BLG-1107L,1,1,53.548,Circinus Galaxy
KMT-2016-BLG-1397L,1,1,108.29,Triangulum Galaxy
KMT-2016-BLG-1820L,1,1,129.525,UFO Galaxy
KMT-2016-BLG-1836L,1,1,18.869,Large Magellanic Cloud
KMT-2016-BLG-2142L,1,1,74.706,Milky Way
KMT-2016-BLG-2321L,1,1,62.394,Bear Paw Galaxy
KMT-2016-BLG-2364L,1,1,290.468,Hoag's Object
KMT-2016-BLG-2397L,1,1,277.02,Cigar Galaxy
KMT-2016-BLG-2605L,1,1,238.994,Andromeda Galaxy
KMT-2017-BLG-0165L,1,1,252.769,Sculptor Galaxy
KMT-2017-BLG-0428L,1,1,94.943,Knife Edge Galaxy
KMT-2017-BLG-0673L,1,1,228.629,Small Magellanic Cloud
KMT-2017-BLG-1003L,1,1,80.07,Cartwheel Galaxy
KMT-2017-BLG-1038L,1,1,37.039,Bode's Galaxy
KMT-2017-BLG-1146L,1,1,91.274,Barnard's Galaxy
KMT-2017-BLG-1194L,1,1,130.237,Cosmos Redshift 7
KMT-2017-BLG-2509L,1,1,163.543,Coma Pinwheel Galaxy
KMT-2018-BLG-0029L,1,1,298.498,Small Magellanic Cloud
KMT-2018-BLG-0030L,1,1,262.693,Whirlpool Galaxy
KMT-2018-BLG-0087L,1,1,84.232,Comet Galaxy
KMT-2018-BLG-0247L,1,1,31.302,Dusty Hand Galaxy
KMT-2018-BLG-0748L,1,1,299.715,#N/A
KMT-2018-BLG-0885L,1,1,21.806,Large Magellanic Cloud
KMT-2018-BLG-1025L,1,1,182.354,Tadpole Galaxy
KMT-2018-BLG-1292L,1,1,294.241,Cosmos Redshift 7
KMT-2018-BLG-1743L,1,1,146.094,Blinking Galaxy
KMT-2018-BLG-1976L,1,1,199.874,Fireworks Galaxy
KMT-2018-BLG-1988L,1,1,249.832,Condor Galaxy
KMT-2018-BLG-1990L,1,1,286.769,Porpoise Galaxy
KMT-2018-BLG-1996L,1,1,116.424,Skyrocket Galaxy
KMT-2018-BLG-2602L,1,1,109.746,Starfish Galaxy
KMT-2019-BLG-0253L,1,1,214.788,Cosmos Redshift 7
KMT-2019-BLG-0297L,1,1,109.192,Fireworks Galaxy
KMT-2019-BLG-0298L,1,1,40.206,Alcyoneus
KMT-2019-BLG-0335L,1,1,195.39,Lindsay-Shapley Ring
KMT-2019-BLG-0371L,1,1,123.409,Backward Galaxy
KMT-2019-BLG-0414L,1,1,132.032,Mice Galaxies
KMT-2019-BLG-0842L,1,1,227.454,Antennae Galaxies
KMT-2019-BLG-0953L,1,1,195.114,Hidden Galaxy
KMT-2019-BLG-1042L,1,1,294.467,Bode's Galaxy
KMT-2019-BLG-1216L,1,1,273.41,Hoag's Object
KMT-2019-BLG-1339L,1,1,294.228,Tadpole Galaxy
KMT-2019-BLG-1367L,1,1,251.04,Circinus Galaxy
KMT-2019-BLG-1552L,1,1,25.762,Backward Galaxy
KMT-2019-BLG-1715L,1,1,161.736,Little Sombrero Galaxy
KMT-2019-BLG-1806L,1,1,245.054,UFO Galaxy
KMT-2019-BLG-1953L,1,1,240.914,Andromeda Galaxy
KMT-2019-BLG-2783L,1,1,23.262,Cartwheel Galaxy
KMT-2019-BLG-2974L,1,1,162.365,Small Magellanic Cloud
KMT-2020-BLG-0414L,1,2,68.03,Grasshopper
KMT-2021-BLG-0119L,1,1,60.868,Condor Galaxy
KMT-2021-BLG-0171L,1,1,122.786,Peekaboo Galaxy
KMT-2021-BLG-0192L,1,1,87.147,Spider Galaxy
KMT-2021-BLG-0240L,1,1,79.812,Hockey Stick Galaxies
KMT-2021-BLG-0320L,1,1,293.185,Black Eye Galaxy
KMT-2021-BLG-0322L,2,1,66.83,Comet Galaxy
KMT-2021-BLG-0712L,1,1,287.59,Needle Galaxy
KMT-2021-BLG-0748L,1,1,296.829,Eye of Sauron
KMT-2021-BLG-0909L,1,1,194.822,Hoag's Object
KMT-2021-BLG-0912L,1,1,281.149,Backward Galaxy
KMT-2021-BLG-1077L,1,2,109.789,Helix Galaxy
KMT-2021-BLG-1105L,1,1,199.149,Sombrero Galaxy
KMT-2021-BLG-1150L,1,1,214.44,Blinking Galaxy
KMT-2021-BLG-1253L,1,1,85.78,Needle Galaxy
KMT-2021-BLG-1303L,1,1,12.605,Starfish Galaxy
KMT-2021-BLG-1372L,1,1,148.872,UFO Galaxy
KMT-2021-BLG-1391L,1,1,139.035,Cocoon Galaxy
KMT-2021-BLG-1547L,1,1,204.391,Sculptor Dwarf Galaxy
KMT-2021-BLG-1554L,1,1,219.701,Needle Galaxy
KMT-2021-BLG-1689L,1,1,203.256,Alcyoneus
KMT-2021-BLG-1770L,1,1,54.621,Spider Galaxy
KMT-2021-BLG-1898L,1,1,214.417,Antennae Galaxies
KMT-2021-BLG-2010L,1,1,61.593,Dusty Hand Galaxy
KMT-2021-BLG-2294L,1,1,50.02,Fried Egg Galaxy
KMT-2021-BLG-2478L,1,1,223.332,Coma Pinwheel Galaxy
KMT-2021-BLG-2609L,1,1,267.542,Small Magellanic Cloud
KMT-2022-BLG-0303L,1,1,202.293,Little Sombrero Galaxy
KMT-2022-BLG-0371L,1,1,143.038,Medusa Merger
KMT-2022-BLG-0440L,1,1,148.642,Meathook Galaxy
KMT-2022-BLG-1013L,1,1,92.738,Blinking Galaxy
KMT-2022-BLG-2286L,1,1,212.354,Bear Paw Galaxy
KMT-2023-BLG-0416L,1,1,17.857,Cocoon Galaxy
KMT-2023-BLG-0469L,1,1,170.186,Eye of God
KMT-2023-BLG-0735L,1,1,49.574,Grasshopper
KMT-2023-BLG-1431L,1,1,20.668,Hoag's Object
KMT-2023-BLG-1454L,1,1,1.292,Milky Way
KMT-2023-BLG-1642L,1,1,169.041,Large Magellanic Cloud
KMT-2023-BLG-1743L,1,1,209.817,Cocoon Galaxy
KMT-2023-BLG-1866L,1,1,149.064,Fireworks Galaxy
KMT-2024-BLG-1044L,1,1,270.385,Cosmos Redshift 7
KOI-12,1,2,136.042,Mice Galaxies
KOI-1257,2,1,298.073,Cartwheel Galaxy
KOI-13,3,1,155.208,Sculptor Galaxy
KOI-142,1,3,108.156,Bear Paw Galaxy
KOI-1599,1,2,184.415,Cosmos Redshift 7
KOI-1783,1,2,135.051,Blinking Galaxy
Kepler-324,1,4,64.504,Cartwheel Galaxy
Kepler-968,1,3,123.603,Lindsay-Shapley Ring
KOI-217,1,1,236.211,Triangulum Galaxy
KOI-2513,1,1,247.355,Butterfly Galaxies
KOI-3503,1,2,102.606,Dusty Hand Galaxy
KOI-351,1,8,219.395,Malin 1
KOI-3680,1,1,149.138,Circinus Galaxy
KOI-4777,1,1,44.184,Alcyoneus
KOI-4978,1,1,88.28,Circinus Galaxy
KOI-55,1,2,194.743,Helix Galaxy
KOI-7368,1,1,237.801,Antennae Galaxies
KOI-7913 A,2,1,164.694,Andromeda Galaxy
KOI-94,2,4,15.327,Whale Galaxy
KOI-984,1,2,2.432,Blinking Galaxy
KPS-1,1,1,271.684,Circinus Galaxy
Kapteyn,1,1,170.857,Bear Paw Galaxy
Kepler-10,1,3,164.675,Cigar Galaxy
Kepler-100,1,4,235.575,Barnard's Galaxy
Kepler-1000,1,1,243.184,Cocoon Galaxy
Kepler-1001,1,2,295.25,Sculptor Galaxy
Kepler-1002,1,1,211.973,Blinking Galaxy
Kepler-1003,1,1,226.787,Whale Galaxy
Kepler-1004,1,1,231.013,Eye of Sauron
Kepler-1005,1,1,143.176,Grasshopper
Kepler-1006,1,1,185.58,Knife Edge Galaxy
Kepler-1007,1,1,120.012,Coma Pinwheel Galaxy
Kepler-1008,2,1,142.661,Eye of Sauron
Kepler-1009,1,1,116.598,Medusa Merger
Kepler-101,1,2,67.385,Bode's Galaxy
Kepler-1010,1,1,231.902,Malin 1
Kepler-1011,1,1,190.272,Whale Galaxy
Kepler-1012,1,1,175.291,Meathook Galaxy
Kepler-1013,1,1,3.58,Godzilla Galaxy
Kepler-1014,1,1,282.232,Malin 1
Kepler-1015,1,1,223.999,Condor Galaxy
Kepler-1016,1,2,274.845,Backward Galaxy
Kepler-1017,1,1,223.38,Backward Galaxy
Kepler-1018,1,1,10.661,Eye of Sauron
Kepler-1019,1,1,57.784,Circinus Galaxy
Kepler-102,1,5,194.446,Whale Galaxy
Kepler-1020,1,1,111.134,Andromeda Galaxy
Kepler-1021,1,1,219.269,Andromeda Galaxy
Kepler-1022,1,1,156.528,Helix Galaxy
Kepler-1023,1,1,25.523,Eye of Sauron
Kepler-1024,1,1,180.544,Large Magellanic Cloud
Kepler-1025,1,1,44.251,Small Magellanic Cloud
Kepler-1026,1,1,206.599,Helix Galaxy
Kepler-561,1,2,184.919,Hockey Stick Galaxies
Kepler-562,1,1,231.785,Cartwheel Galaxy
Kepler-563,1,1,41.91,Antennae Galaxies
Kepler-564,1,1,256.047,Comet Galaxy
Kepler-565,1,1,119.034,Eye of God
Kepler-566,1,1,13.8,Cosmos Redshift 7
Kepler-567,1,1,221.241,Backward Galaxy
Kepler-568,1,1,132.85,Medusa Merger
Kepler-569,1,1,260.723,Hockey Stick Galaxies
Kepler-57,1,2,263.434,Malin 1
Kepler-570,1,1,23.026,Cosmos Redshift 7
Kepler-571,1,1,80.293,Little Sombrero Galaxy
Kepler-572,1,1,152.343,UFO Galaxy
Kepler-573,1,1,108.55,Hidden Galaxy
Kepler-574,1,1,281.888,Pinwheel Galaxy
Kepler-575,1,1,279.309,Hidden Galaxy
Kepler-576,1,1,56.204,Topsy Turvy Galaxy
Kepler-577,1,1,63.785,Sculptor Dwarf Galaxy
Kepler-578,1,1,47.717,Andromeda Galaxy
Kepler-579,1,1,160.441,Sombrero Galaxy
Kepler-58,1,4,125.753,Hidden Galaxy
Kepler-580,1,1,265.721,Mayall's Object
Kepler-581,1,1,297.644,Barnard's Galaxy
Kepler-582,1,1,208.889,Hockey Stick Galaxies
Kepler-583,1,1,252.564,Andromeda Galaxy
Kepler-584,1,1,30.617,Blinking Galaxy
Kepler-585,1,1,17.045,Needle Galaxy
Kepler-586,1,1,102.539,Hockey Stick Galaxies
Kepler-587,1,1,66.629,Cosmos Redshift 7
Kepler-588,1,1,200.185,Bear Paw Galaxy
Kepler-589,1,2,192.409,Butterfly Galaxies
Kepler-59,1,2,116.131,Tadpole Galaxy
Kepler-590,1,1,26.647,Sombrero Galaxy
Kepler-591,1,1,30.463,Barnard's Galaxy
Kepler-592,1,1,31.557,Butterfly Galaxies
Kepler-593,1,1,49.887,UFO Galaxy
Kepler-594,1,1,215.372,Hidden Galaxy
Kepler-595,1,2,215.712,Grasshopper
Kepler-596,1,1,81.458,Sculptor Galaxy
Kepler-597,1,1,47.74,Lindsay-Shapley Ring
Kepler-598,1,2,21.867,Mice Galaxies
Kepler-599,1,1,69.558,Eye of Sauron
Kepler-6,1,1,52.148,Circinus Galaxy
Kepler-60,1,3,143.15,Butterfly Galaxies
Kepler-600,1,1,52.229,Large Magellanic Cloud
Kepler-601,1,1,14.974,Sculptor Dwarf Galaxy
Kepler-602,1,1,274.54,Southern Pinwheel Galaxy
Kepler-603,1,3,143.077,Eye of God
Kepler-604,1,1,282.058,Black Eye Galaxy
Kepler-605,1,2,68.94,Cartwheel Galaxy
Kepler-606,1,1,129.632,Cosmos Redshift 7
Kepler-607,1,2,77.204,Coma Pinwheel Galaxy
Kepler-608,1,1,60.391,Starfish Galaxy
Kepler-609,1,1,256.205,Porpoise Galaxy
Kepler-61,1,1,274.002,Black Eye Galaxy
Kepler-610,1,2,74.09,Fried Egg Galaxy
Kepler-611,1,1,217.101,Bear Paw Galaxy
Kepler-612,1,1,143.174,Sculptor Dwarf Galaxy
Kepler-613,1,1,246.787,Andromeda Galaxy
Kepler-614,1,1,20.228,Milky Way
Kepler-615,1,1,18.313,Bode's Galaxy
Kepler-616,1,3,270.734,Medusa Merger
Kepler-617,1,1,46.032,Knife Edge Galaxy
Kepler-618,1,1,18.025,Topsy Turvy Galaxy
Kepler-619,1,3,225.081,Blinking Galaxy
Kepler-62,1,5,77.005,Meathook Galaxy
Kepler-620,1,1,272.363,Lindsay-Shapley Ring
Kepler-621,1,1,268.456,Knife Edge Galaxy
Kepler-622,1,1,216.566,Fireworks Galaxy
Kepler-623,1,1,12.344,Comet Galaxy
Kepler-624,1,1,16.985,Spider Galaxy
Kepler-625,1,2,173.375,Knife Edge Galaxy
Kepler-626,1,1,285.878,Lindsay-Shapley Ring
Kepler-627,1,1,18.526,Milky Way
Kepler-629,1,1,121.368,Meathook Galaxy
Kepler-63,1,1,189.918,Cartwheel Galaxy
Kepler-630,1,1,6.923,Cigar Galaxy
Kepler-631,1,1,99.371,Blinking Galaxy
Kepler-632,1,1,163.053,Triangulum Galaxy
Kepler-633,1,2,199.345,Wolf-Lundmark-Melotte
Kepler-634,1,1,49.021,Wolf-Lundmark-Melotte
Kepler-635,1,1,196.114,Fried Egg Galaxy
Kepler-636,2,1,90.296,Hockey Stick Galaxies
Kepler-637,1,1,287.027,Cartwheel Galaxy
Kepler-638,1,1,240.581,Triangulum Galaxy
Kepler-639,1,1,215.509,Porphyrion
Kepler-640,1,1,246.832,Milky Way
Kepler-641,1,1,198.808,Coma Pinwheel Galaxy
Kepler-642,1,1,143.86,Mayall's Object
Kepler-643,1,1,48.617,Barnard's Galaxy
Kepler-644,1,1,142.292,Little Sombrero Galaxy
Kepler-645,1,1,160.71,Bode's Galaxy
Kepler-646,1,1,36.852,Wolf-Lundmark-Melotte
Kepler-647,1,2,217.44,Knife Edge Galaxy
Kepler-648,1,1,40.868,Eye of God
Kepler-649,1,1,86.746,Eye of God
Kepler-65,1,4,17.126,Large Magellanic Cloud
Kepler-650,1,1,148.634,Condor Galaxy
Kepler-651,1,1,65.961,Mayall's Object
Kepler-652,1,1,106.981,Fireworks Galaxy
Kepler-653,1,2,134.806,Blinking Galaxy
Kepler-654,1,1,269.982,Spider Galaxy
Kepler-655,1,1,51.713,Coma Pinwheel Galaxy
Kepler-656,1,2,105.971,Mayall's Object
Kepler-657,1,1,215.84,Lindsay-Shapley Ring
Kepler-658,1,1,269.609,Needle Galaxy
Kepler-659,1,1,109.932,Fireworks Galaxy
Kepler-66,1,1,54.801,Malin 1
Kepler-660,1,1,283.865,Mayall's Object
Kepler-661,1,1,151.606,Hockey Stick Galaxies
Kepler-662,1,1,124.41,Circinus Galaxy
Kepler-663,1,1,202.053,Black Eye Galaxy
Kepler-664,1,1,5.556,Eye of Sauron
Kepler-665,1,1,255.372,Bode's Galaxy
Kepler-666,1,1,23.472,Peekaboo Galaxy
Kepler-667,1,1,214.623,Paramecium Galaxy
Kepler-668,1,1,207.245,Hidden Galaxy
Kepler-669,1,1,257.992,Lindsay-Shapley Ring
Kepler-67,1,1,262.958,Godzilla Galaxy
Kepler-670,1,1,4.856,Malin 1
Kepler-671,1,1,291.48,Coma Pinwheel Galaxy
Kepler-672,1,1,198.919,Fireworks Galaxy
Kepler-673,1,1,68.313,Southern Pinwheel Galaxy
Kepler-674,1,1,28.038,Sculptor Dwarf Galaxy
Kepler-675,1,1,21.811,Lindsay-Shapley Ring
Kepler-676,1,1,165.814,Andromeda Galaxy
Kepler-677,1,1,137.271,Barnard's Galaxy
Kepler-678,1,1,70.164,Mayall's Object
Kepler-679,1,1,13.208,Whirlpool Galaxy
Kepler-68,2,4,97.8,Alcyoneus
Kepler-680,1,1,291.044,Dusty Hand Galaxy
Kepler-681,1,1,175.502,Condor Galaxy
Kepler-682,1,1,114.319,Circinus Galaxy
Kepler-683,1,1,71.753,Triangulum Galaxy
Kepler-684,1,1,16.232,Tadpole Galaxy
Kepler-685,1,1,51.311,Porpoise Galaxy
Kepler-686,1,1,89.32,Whirlpool Galaxy
Kepler-687,1,1,231.179,Hockey Stick Galaxies
Kepler-688,1,1,103.442,Backward Galaxy
Kepler-689,1,1,53.967,Medusa Merger
Kepler-69,1,2,290.215,Spider Galaxy
Kepler-690,1,1,240.003,Andromeda Galaxy
Kepler-691,1,1,271.348,Knife Edge Galaxy
Kepler-692,1,1,65.412,Circinus Galaxy
Kepler-693,2,1,80.304,Triangulum Galaxy
Kepler-694,1,1,275.201,Spiderweb Galaxy
Kepler-695,1,1,267.167,Large Magellanic Cloud
Kepler-696,1,1,260.086,Skyrocket Galaxy
Kepler-697,1,1,251.867,Cigar Galaxy
Kepler-698,1,1,281.826,Andromeda Galaxy
Kepler-7,1,1,31.267,Starfish Galaxy
Kepler-700,1,1,92.074,Backward Galaxy
Kepler-701,1,1,97.384,Wolf-Lundmark-Melotte
Kepler-702,1,1,158.765,Mice Galaxies
Kepler-703,1,1,257.293,Hoag's Object
Kepler-704,1,1,42.938,Sunflower Galaxy
Kepler-705,1,1,166.418,Grasshopper
Kepler-707,1,1,33.494,Bear Paw Galaxy
Kepler-708,1,1,64.581,Hoag's Object
Kepler-709,1,1,57.846,Eye of God
Kepler-710,1,1,160.703,Grasshopper
Kepler-711,1,1,148.919,Cigar Galaxy
Kepler-712,1,2,28.689,Hockey Stick Galaxies
Kepler-713,1,1,186.077,Medusa Merger
Kepler-714,1,1,230.735,Circinus Galaxy
Kepler-715,1,1,35.765,Lindsay-Shapley Ring
Kepler-716,1,2,149.194,Butterfly Galaxies
Kepler-717,1,1,135.304,Godzilla Galaxy
Kepler-718,1,1,215.734,Large Magellanic Cloud
Kepler-719,1,1,190.462,Fireworks Galaxy
Kepler-720,1,1,207.893,Small Magellanic Cloud
Kepler-721,1,1,91.519,Knife Edge Galaxy
Kepler-722,1,2,97.877,Eye of God
Kepler-723,1,1,54.063,Blinking Galaxy
Kepler-724,1,1,252.8,Barnard's Galaxy
Kepler-725,1,1,219.392,Wolf-Lundmark-Melotte
Kepler-726,1,1,27.666,Grasshopper
Kepler-727,1,1,201.329,Blinking Galaxy
Kepler-728,1,1,280.111,Circinus Galaxy
Kepler-729,1,1,87.025,Godzilla Galaxy
Kepler-730,1,2,114.558,Peekaboo Galaxy
Kepler-731,1,1,256.085,Hidden Galaxy
Kepler-732,1,2,4.705,Eye of Sauron
Kepler-733,1,1,53.893,Butterfly Galaxies
Kepler-734,1,1,223.793,Paramecium Galaxy
Kepler-735,1,1,102.529,Fireworks Galaxy
Kepler-736,1,1,290.096,Backward Galaxy
Kepler-737,1,1,225.951,Godzilla Galaxy
Kepler-738,1,1,167.578,Bear Paw Galaxy
Kepler-739,1,1,87.455,Fried Egg Galaxy
Kepler-74,1,1,289.956,Dusty Hand Galaxy
Kepler-740,1,1,192.549,Needle Galaxy
Kepler-741,1,1,123.431,Grasshopper
Kepler-742,1,1,31.908,Small Magellanic Cloud
Kepler-743,2,1,105.288,Grasshopper
Kepler-744,1,1,58.256,Circinus Galaxy
Kepler-745,1,1,285.016,Cartwheel Galaxy
Kepler-746,1,1,161.604,Helix Galaxy
Kepler-747,1,1,76.63,Black Eye Galaxy
Kepler-748,1,1,71.741,Grasshopper
Kepler-749,1,1,153.627,Spider Galaxy
Kepler-75,1,1,7.645,Large Magellanic Cloud
Kepler-750,1,2,151.846,Barnard's Galaxy
Kepler-751,1,1,262.222,Condor Galaxy
Kepler-752,1,1,129.318,Little Sombrero Galaxy
Kepler-753,1,1,34.57,Tadpole Galaxy
Kepler-754,1,1,15.129,Spiderweb Galaxy
Kepler-755,2,2,120.053,Eye of Sauron
Kepler-756,1,1,70.235,Bear Paw Galaxy
Kepler-757,1,1,23.149,Little Sombrero Galaxy
Kepler-758,1,4,98.776,Dusty Hand Galaxy
Kepler-759,1,1,293.366,Cosmos Redshift 7
Kepler-76,1,1,290.974,Hoag's Object
Kepler-760,1,2,177.702,Milky Way
Kepler-761,1,1,283.084,Barnard's Galaxy
Kepler-762,1,1,10.233,Fireworks Galaxy
Kepler-763,1,3,280.314,Coma Pinwheel Galaxy
Kepler-764,1,1,263.958,Wolf-Lundmark-Melotte
Kepler-765,1,1,183.218,Cosmos Redshift 7
Kepler-766,1,1,185.126,Black Eye Galaxy
Kepler-767,1,1,288.523,Dusty Hand Galaxy
Kepler-768,1,1,291.572,Cosmos Redshift 7
Kepler-769,1,2,92.54,Godzilla Galaxy
Kepler-77,1,1,173.667,Needle Galaxy
Kepler-770,1,3,61.397,Hoag's Object
Kepler-771,1,1,89.727,Comet Galaxy
Kepler-772,1,1,57.377,Little Sombrero Galaxy
Kepler-773,1,1,10.077,Paramecium Galaxy
Kepler-774,1,1,168.953,Mice Galaxies
Kepler-775,1,1,258.293,Paramecium Galaxy
Kepler-776,1,1,13.135,Topsy Turvy Galaxy
Kepler-777,1,1,3.639,Hidden Galaxy
Kepler-778,1,1,87.171,Large Magellanic Cloud
Kepler-779,2,1,147.332,Andromeda Galaxy
Kepler-78,2,1,247.194,Spiderweb Galaxy
Kepler-780,1,1,27.228,Grasshopper
Kepler-781,1,1,299.417,Barnard's Galaxy
Kepler-782,1,1,63.816,Bode's Galaxy
Kepler-783,1,2,162.918,Barnard's Galaxy
Kepler-784,1,2,70.958,Small Magellanic Cloud
Kepler-785,1,1,217.665,Mice Galaxies
Kepler-786,1,1,205.275,Whale Galaxy
Kepler-787,1,1,158.938,Blinking Galaxy
Kepler-788,1,1,85.176,Malin 1
Kepler-789,1,1,198.669,Spiderweb Galaxy
Kepler-79,1,4,51.429,Cartwheel Galaxy
Kepler-790,1,1,71.517,Cartwheel Galaxy
Kepler-791,1,1,52.234,Grasshopper
Kepler-792,1,1,227.928,Large Magellanic Cloud
Kepler-793,1,1,164.126,Barnard's Galaxy
Kepler-794,1,1,166.929,Mayall's Object
Kepler-795,2,1,130.389,Dusty Hand Galaxy
Kepler-796,1,1,248.947,Little Sombrero Galaxy
Kepler-797,1,1,79.072,Needle Galaxy
Kepler-798,1,1,88.736,Needle Galaxy
Kepler-799,1,2,48.796,Black Eye Galaxy
Kepler-8,1,1,260.649,Cartwheel Galaxy
Kepler-80,1,6,274.493,Peekaboo Galaxy
Kepler-800,1,1,54.311,Dusty Hand Galaxy
Kepler-801,1,1,201.885,Medusa Merger
Kepler-802,1,1,138.381,Small Magellanic Cloud
Kepler-803,1,1,296.623,Skyrocket Galaxy
Kepler-804,1,2,55.577,Sculptor Dwarf Galaxy
Kepler-805,1,1,104.971,Knife Edge Galaxy
Kepler-806,1,1,175.654,Knife Edge Galaxy
Kepler-808,1,1,280.017,Cigar Galaxy
Kepler-809,1,1,149.821,Southern Pinwheel Galaxy
Kepler-81,1,3,38.904,Sombrero Galaxy
Kepler-810,1,1,198.975,Southern Pinwheel Galaxy
Kepler-811,1,1,273.982,Comet Galaxy
Kepler-812,1,1,2.712,Sculptor Dwarf Galaxy
Kepler-813,1,1,91.84,Milky Way
Kepler-814,1,1,170.868,Black Eye Galaxy
Kepler-815,1,1,241.912,Southern Pinwheel Galaxy
Kepler-816,1,1,174.63,Grasshopper
Kepler-817,1,1,120.501,Grasshopper
Kepler-818,1,1,7.842,Dusty Hand Galaxy
Kepler-819,1,1,114.761,Porphyrion
Kepler-82,1,5,83.169,Knife Edge Galaxy
Kepler-820,1,1,92.013,Spider Galaxy
Kepler-821,1,1,253.685,Spiderweb Galaxy
Kepler-822,1,1,117.664,#N/A
Kepler-823,1,1,185.907,Mice Galaxies
Kepler-824,1,1,4.376,Blinking Galaxy
Kepler-825,1,2,197.452,Bode's Galaxy
Kepler-826,1,1,52.382,Godzilla Galaxy
Kepler-827,1,1,247.445,Comet Galaxy
Kepler-828,1,1,143.33,Barnard's Galaxy
Kepler-829,1,1,0.705,Small Magellanic Cloud
Kepler-83,2,3,156.357,Malin 1
Kepler-830,1,1,188.52,#N/A
Kepler-831,1,1,133.824,Cosmos Redshift 7
Kepler-832,1,1,132.692,Eye of Sauron
Kepler-833,1,1,7.349,Cartwheel Galaxy
Kepler-834,1,1,19.499,Eye of Sauron
Kepler-835,1,1,251.363,Helix Galaxy
Kepler-836,1,1,24.264,Condor Galaxy
Kepler-837,1,1,66.954,Coma Pinwheel Galaxy
Kepler-838,1,1,40.57,Topsy Turvy Galaxy
Kepler-839,1,1,223.328,Antennae Galaxies
Kepler-84,1,5,19.73,Andromeda Galaxy
Kepler-841,1,1,253.483,Butterfly Galaxies
Kepler-842,1,1,171.406,Large Magellanic Cloud
Kepler-843,1,1,138.136,Dusty Hand Galaxy
Kepler-844,1,1,32.373,Hidden Galaxy
Kepler-845,1,1,214.533,Mayall's Object
Kepler-846,1,1,147.746,Sombrero Galaxy
Kepler-847,1,1,40.039,Black Eye Galaxy
Kepler-848,1,1,121.175,Needle Galaxy
Kepler-849,1,1,134.951,Blinking Galaxy
Kepler-85,1,4,99.574,Andromeda Galaxy
Kepler-850,1,1,286.359,Bear Paw Galaxy
Kepler-851,1,1,276.776,Andromeda Galaxy
Kepler-852,1,1,44.874,Starfish Galaxy
Kepler-853,1,1,279.432,Cocoon Galaxy
Kepler-855,1,1,142.544,Peekaboo Galaxy
Kepler-856,1,1,294.116,Cocoon Galaxy
Kepler-857,1,1,106.369,Sculptor Dwarf Galaxy
Kepler-858,1,1,282.269,Porphyrion
Kepler-859,1,1,224.694,Cosmos Redshift 7
Kepler-860,1,1,139.974,Mayall's Object
Kepler-861,1,1,118.876,Tadpole Galaxy
Kepler-862,1,1,61.27,Sombrero Galaxy
Kepler-996,1,1,169.051,Antennae Galaxies
Kepler-997,1,1,237.15,Mayall's Object
Kepler-998,1,1,155.353,Fried Egg Galaxy
Kepler-999,1,1,74.495,Bear Paw Galaxy
L 168-9,1,1,28.949,Backward Galaxy
L 363-38,1,1,217.104,Backward Galaxy
L 98-59,1,4,274.097,Milky Way
LHS 1140,1,2,69.811,Sombrero Galaxy
LHS 1478,1,1,256.332,Grasshopper
LHS 1678,2,3,223.258,Antennae Galaxies
LHS 1815,1,1,283.974,Medusa Merger
LHS 3154,1,1,44.232,Butterfly Galaxies
LHS 3844,1,1,181.004,Meathook Galaxy
LHS 475,1,1,51.967,Eye of God
LP 714-47,1,1,232.583,Hoag's Object
LP 791-18,1,3,209.853,Comet Galaxy
LP 890-9,1,2,146.551,Knife Edge Galaxy
LSPM J2116+0234,1,1,63.441,Lindsay-Shapley Ring
LTT 1445 A,3,2,239.363,Barnard's Galaxy
LTT 3780,2,2,69.729,Cartwheel Galaxy
LTT 9779,1,1,283.802,Blinking Galaxy
LkCa 15,1,2,100.03,Triangulum Galaxy
Luhman 16 A,1,1,109.118,Blinking Galaxy
Lupus-TR-3,1,1,72.426,Circinus Galaxy
M62H,1,1,290.127,Mice Galaxies
MASCARA-1,1,1,155.372,Needle Galaxy
MASCARA-4,2,1,295.041,Andromeda Galaxy
MOA-2007-BLG-192L,1,1,43.662,Sunflower Galaxy
MOA-2007-BLG-400L,1,1,191.233,Coma Pinwheel Galaxy
MOA-2008-BLG-310L,1,1,294.468,Comet Galaxy
MOA-2008-BLG-379L,1,1,54.024,Cosmos Redshift 7
MOA-2009-BLG-266L,1,1,174.764,Peekaboo Galaxy
MOA-2009-BLG-319L,1,1,291.25,Milky Way
MOA-2009-BLG-387L,1,1,81.262,Helix Galaxy
MOA-2010-BLG-073L,1,1,89.524,Bode's Galaxy
MOA-2010-BLG-117L,1,1,180.767,Cartwheel Galaxy
MOA-2010-BLG-328L,1,1,103.025,Barnard's Galaxy
MOA-2010-BLG-353L,1,1,68.659,Cartwheel Galaxy
MOA-2010-BLG-477L,1,1,219.389,Little Sombrero Galaxy
MOA-2011-BLG-028L,1,1,237.644,Backward Galaxy
MOA-2011-BLG-262L,1,1,290.678,Whale Galaxy
MOA-2011-BLG-291L,1,1,156.764,Dusty Hand Galaxy
MOA-2011-BLG-293L,1,1,279.972,Hidden Galaxy
MOA-2011-BLG-322L,1,1,276.767,Andromeda Galaxy
MOA-2012-BLG-006L,1,1,216.196,Large Magellanic Cloud
MOA-2012-BLG-505L,1,1,248.382,Condor Galaxy
MOA-2013-BLG-220L,1,1,68.391,Milky Way
MOA-2013-BLG-605L,1,1,239.336,Needle Galaxy
MOA-2015-BLG-337L,1,1,200.987,Porphyrion
MOA-2016-BLG-227L,1,1,93.753,Bear Paw Galaxy
MOA-2016-BLG-319L,1,1,120.237,Wolf-Lundmark-Melotte
MOA-2016-BLG-526L,1,1,16.859,Antennae Galaxies
MOA-2019-BLG-008L,1,1,164.245,Milky Way
MOA-2020-BLG-135L,1,1,146.291,Cigar Galaxy
MOA-2020-BLG-208L,1,1,21.342,Eye of Sauron
MOA-2022-BLG-249L,1,1,94.069,Blinking Galaxy
MOA-2022-BLG-563L,1,1,200.556,Godzilla Galaxy
MOA-bin-1L,1,1,46.316,Starfish Galaxy
MOA-bin-29,1,1,149.73,Triangulum Galaxy
MWC 758,1,1,118.143,Godzilla Galaxy
MXB 1658-298,2,1,42.967,Bear Paw Galaxy
NGC 2682 Sand 1429,1,1,121.133,Southern Pinwheel Galaxy
NGC 2682 Sand 364,1,1,243.148,Hidden Galaxy
NGC 2682 Sand 978,1,1,35.807,Mice Galaxies
NGC 2682 YBP 1194,1,1,81.623,Small Magellanic Cloud
NGC 2682 YBP 1514,1,1,28.556,Dusty Hand Galaxy
NGC 2682 YBP 401,1,1,32.132,Little Sombrero Galaxy
NGTS-1,1,1,56.999,Lindsay-Shapley Ring
NGTS-10,1,1,133.405,Alcyoneus
NGTS-11,1,1,67.691,Sombrero Galaxy
NGTS-12,1,1,200.463,Circinus Galaxy
NGTS-13,1,1,203.298,Cocoon Galaxy
NGTS-14 A,2,1,77.845,Helix Galaxy
NGTS-15,1,1,203.475,Malin 1
NGTS-16,1,1,286.191,Andromeda Galaxy
NGTS-17,1,1,73.373,Fried Egg Galaxy
NGTS-18,1,1,11.344,Dusty Hand Galaxy
NGTS-2,1,1,41.071,Knife Edge Galaxy
NGTS-20,1,1,80.889,Cigar Galaxy
NGTS-21,1,1,134.99,Hockey Stick Galaxies
NGTS-23,1,1,138.167,Grasshopper
NGTS-24,1,1,142.551,Dusty Hand Galaxy
NGTS-25,1,1,271.975,Medusa Merger
NGTS-26,1,1,86.623,Hockey Stick Galaxies
NGTS-27,1,1,220.864,Alcyoneus
NGTS-3 A,2,1,134.466,Knife Edge Galaxy
NGTS-30,1,1,45.915,Hidden Galaxy
NGTS-33,1,1,181.351,Needle Galaxy
NGTS-4,1,1,287.282,Fried Egg Galaxy
NGTS-5,1,1,36.395,Triangulum Galaxy
NGTS-6,1,1,0.949,Fireworks Galaxy
NGTS-8,1,1,103.142,Medusa Merger
NGTS-9,1,1,56.216,Backward Galaxy
NN Ser,2,2,242.351,Circinus Galaxy
NSVS 14256825,2,1,254.906,Antennae Galaxies
NY Vir,2,2,88.064,Mayall's Object
OGLE-2003-BLG-235L,1,1,117.829,Cartwheel Galaxy
OGLE-2005-BLG-071L,1,1,155.68,Andromeda Galaxy
OGLE-2005-BLG-169L,1,1,155.931,Skyrocket Galaxy
OGLE-2005-BLG-390L,1,1,277.474,Cartwheel Galaxy
OGLE-2006-BLG-109L,1,2,189.138,Blinking Galaxy
OGLE-2006-BLG-284L A,2,1,102.409,Barnard's Galaxy
OGLE-2007-BLG-349L A,2,1,186.343,Grasshopper
OGLE-2007-BLG-368L,1,1,20.503,Hoag's Object
OGLE-2008-BLG-092L,2,1,31.504,Cigar Galaxy
OGLE-2008-BLG-355L,1,1,193.602,Sunflower Galaxy
OGLE-2011-BLG-0173L,1,1,283.063,Fireworks Galaxy
OGLE-2011-BLG-0251L,1,1,237.607,Peekaboo Galaxy
OGLE-2011-BLG-0265L,1,1,155.583,Andromeda Galaxy
OGLE-2012-BLG-0026L,1,2,89.266,Sculptor Galaxy
OGLE-2012-BLG-0358L,1,1,282.795,Sculptor Galaxy
OGLE-2012-BLG-0406L,1,1,250.324,Eye of Sauron
OGLE-2012-BLG-0563L,1,1,134.953,Cocoon Galaxy
OGLE-2012-BLG-0724L,1,1,189.731,Eye of Sauron
OGLE-2012-BLG-0838L,1,1,286.35,Knife Edge Galaxy
OGLE-2012-BLG-0950L,1,1,67.617,Hidden Galaxy
OGLE-2013-BLG-0102L,1,1,201.507,Sculptor Dwarf Galaxy
OGLE-2013-BLG-0132L,1,1,47.389,Andromeda Galaxy
OGLE-2013-BLG-0341L B,2,1,142.919,Fried Egg Galaxy
OGLE-2013-BLG-0911L,1,1,104.394,Cartwheel Galaxy
OGLE-2013-BLG-1721L,1,1,241.841,Sculptor Dwarf Galaxy
OGLE-2013-BLG-1761L,1,1,139.695,Whirlpool Galaxy
OGLE-2014-BLG-0124L,1,1,210.03,Grasshopper
OGLE-2014-BLG-0221L,1,1,17.27,Butterfly Galaxies
OGLE-2014-BLG-0319L,1,1,234.208,Milky Way
OGLE-2014-BLG-0676L,1,1,30.612,Coma Pinwheel Galaxy
OGLE-2014-BLG-1722L,1,2,57.03,Mice Galaxies
OGLE-2014-BLG-1760L,1,1,116.233,Sculptor Galaxy
OGLE-2015-BLG-0051L,1,1,29.374,Wolf-Lundmark-Melotte
OGLE-2015-BLG-0954L,1,1,183.416,Mayall's Object
OGLE-2015-BLG-0966L,1,1,120.767,Bear Paw Galaxy
OGLE-2015-BLG-1649L,1,1,171.441,Helix Galaxy
OGLE-2015-BLG-1670L,1,1,258.482,Butterfly Galaxies
OGLE-2015-BLG-1771L,1,1,192.893,Hidden Galaxy
OGLE-2016-BLG-0263L,1,1,206.106,Mice Galaxies
OGLE-2016-BLG-0613L AB,2,1,102.315,Fried Egg Galaxy
OGLE-2016-BLG-1067L,1,1,141.091,Helix Galaxy
OGLE-2016-BLG-1093L,1,1,215.914,Cartwheel Galaxy
OGLE-2016-BLG-1190L,1,1,63.563,Helix Galaxy
OGLE-2016-BLG-1195L,1,1,93.549,Southern Pinwheel Galaxy
OGLE-2016-BLG-1227L,1,1,133.885,Knife Edge Galaxy
OGLE-2016-BLG-1598L,1,1,169.496,Barnard's Galaxy
OGLE-2016-BLG-1800L,1,1,179.04,Antennae Galaxies
OGLE-2017-BLG-0173L,1,1,166.142,Circinus Galaxy
OGLE-2017-BLG-0373L,1,1,57.36,Tadpole Galaxy
OGLE-2017-BLG-0406L,1,1,237.046,Coma Pinwheel Galaxy
OGLE-2017-BLG-0448L,1,1,1.195,Cosmos Redshift 7
OGLE-2017-BLG-0482L,1,1,287.238,#N/A
OGLE-2017-BLG-0604L,1,1,107.486,Triangulum Galaxy
OGLE-2017-BLG-0640L,1,1,85.798,Malin 1
OGLE-2017-BLG-1049L,1,1,276.175,Coma Pinwheel Galaxy
OGLE-2017-BLG-1099L,1,1,143.675,Topsy Turvy Galaxy
OGLE-2017-BLG-1140L,1,1,212.233,Little Sombrero Galaxy
OGLE-2017-BLG-1237L,1,1,286.554,Comet Galaxy
OGLE-2017-BLG-1275L,1,1,91.34,Backward Galaxy
OGLE-2017-BLG-1375L,1,1,87.583,Peekaboo Galaxy
OGLE-2017-BLG-1434L,1,1,3.787,Hockey Stick Galaxies
OGLE-2017-BLG-1522L,1,1,86.519,Whale Galaxy
OGLE-2017-BLG-1691L,1,1,19.26,Helix Galaxy
OGLE-2017-BLG-1806L,1,1,252.564,Mice Galaxies
OGLE-2018-BLG-0298L,1,1,296.789,Comet Galaxy
OGLE-2018-BLG-0383L,1,1,152.006,Antennae Galaxies
OGLE-2018-BLG-0506L,1,1,120.825,Porpoise Galaxy
OGLE-2018-BLG-0516L,1,1,208.246,Mice Galaxies
OGLE-2018-BLG-0532L,1,1,135.019,Topsy Turvy Galaxy
OGLE-2018-BLG-0567L,1,1,7.512,Triangulum Galaxy
OGLE-2018-BLG-0596L,1,1,276.853,Comet Galaxy
OGLE-2018-BLG-0677L,1,1,99.18,Eye of Sauron
OGLE-2018-BLG-0740L,1,1,142.798,Godzilla Galaxy
OGLE-2018-BLG-0799L,1,1,173.804,Barnard's Galaxy
OGLE-2018-BLG-0932L,1,1,217.327,Medusa Merger
OGLE-2018-BLG-0962L,1,1,268.198,Fireworks Galaxy
OGLE-2018-BLG-0977L,1,1,13.783,Coma Pinwheel Galaxy
OGLE-2018-BLG-1011L,1,2,90.752,Hockey Stick Galaxies
OGLE-2018-BLG-1119L,1,1,215.412,Coma Pinwheel Galaxy
OGLE-2018-BLG-1126L,1,1,105.203,Cigar Galaxy
OGLE-2018-BLG-1185L,1,1,129.482,Wolf-Lundmark-Melotte
OGLE-2018-BLG-1212L,1,1,149.822,Godzilla Galaxy
OGLE-2018-BLG-1269L,1,1,30.676,Little Sombrero Galaxy
OGLE-2018-BLG-1367L,1,1,155.074,Sunflower Galaxy
OGLE-2018-BLG-1428L,1,1,167.515,Cocoon Galaxy
OGLE-2018-BLG-1647L,1,1,242.777,Dusty Hand Galaxy
OGLE-2018-BLG-1700L,2,1,283.754,Condor Galaxy
OGLE-2019-BLG-0249L,1,1,76.21,Eye of Sauron
OGLE-2019-BLG-0299L,1,1,202.21,Barnard's Galaxy
OGLE-2019-BLG-0304L,2,1,296.247,Godzilla Galaxy
OGLE-2019-BLG-0362L,1,1,13.701,Small Magellanic Cloud
OGLE-2019-BLG-0468L,1,2,296.392,Whale Galaxy
OGLE-2019-BLG-0679L,1,1,52.003,Bode's Galaxy
OGLE-2019-BLG-0954L,1,1,50.892,Hoag's Object
OGLE-2019-BLG-0960L,1,1,5.768,Antennae Galaxies
OGLE-2019-BLG-1053L,1,1,149.836,Grasshopper
OGLE-2019-BLG-1180L,1,1,91.672,Coma Pinwheel Galaxy
OGLE-2019-BLG-1470L A,2,1,245.791,Circinus Galaxy
OGLE-2019-BLG-1492L,1,1,152.944,Milky Way
OGLE-2023-BLG-0836L,2,1,117.346,Whale Galaxy
OGLE-TR-10,1,1,299.484,Hoag's Object
OGLE-TR-111,1,1,80.177,Cartwheel Galaxy
OGLE-TR-113,1,1,167.228,Little Sombrero Galaxy
OGLE-TR-132,1,1,21.348,Cigar Galaxy
OGLE-TR-182,1,1,262.703,Whale Galaxy
OGLE-TR-211,1,1,19.821,Cigar Galaxy
OGLE-TR-56,1,1,297.263,Porphyrion
OGLE2-TR-L9,1,1,79.259,Malin 1
Oph 11,1,1,227.129,Eye of God
PDS 70,1,2,138.318,Andromeda Galaxy
PH1,4,1,263.096,Whirlpool Galaxy
PH2,1,1,42.176,Antennae Galaxies
POTS-1,1,1,14.689,Malin 1
PSR B0329+54,1,1,275.351,Cocoon Galaxy
PSR B1257+12,1,3,94.663,Bode's Galaxy
PSR B1620-26,2,1,89.994,Eye of Sauron
PSR J1719-1438,1,1,169.81,Needle Galaxy
PSR J2322-2650,1,1,47.243,Helix Galaxy
PZ Tel,1,1,206.449,Comet Galaxy
Pr0201,1,1,30.462,Spider Galaxy
Pr0211,2,2,130.255,Topsy Turvy Galaxy
Proxima Cen,3,1,137.241,Butterfly Galaxies
Qatar-1,1,1,0.583,Peekaboo Galaxy
Qatar-10,1,1,32.741,Fried Egg Galaxy
Qatar-2,1,1,294.435,Coma Pinwheel Galaxy
Qatar-3,1,1,127.302,Dusty Hand Galaxy
Qatar-4,1,1,184.412,Hockey Stick Galaxies
Qatar-5,1,1,122.853,Sculptor Dwarf Galaxy
Qatar-6,2,1,42.884,Grasshopper
Qatar-7,1,1,243.849,Blinking Galaxy
Qatar-8,1,1,10.805,Small Magellanic Cloud
Qatar-9,1,1,58.866,Dusty Hand Galaxy
ROXs 12,2,1,192.262,Blinking Galaxy
ROXs 42 B,2,1,68.216,Large Magellanic Cloud
RR Cae,2,1,218.08,Medusa Merger
Ross 128,1,1,59.321,Circinus Galaxy
Ross 458,2,1,194.19,Meathook Galaxy
Ross 508,1,1,186.72,Alcyoneus
SPECULOOS-3,1,1,283.62,Bear Paw Galaxy
SR 12 AB,2,1,282.186,Helix Galaxy
SWEEPS-11,1,1,62.147,Circinus Galaxy
SWEEPS-4,1,1,9.939,Cartwheel Galaxy
TAP 26,1,1,111.142,Whirlpool Galaxy
TCP J05074264+2447555,1,1,13.914,Lindsay-Shapley Ring
TIC 139270665,1,2,166.302,Cocoon Galaxy
TIC 172900988 Aa,2,1,145.75,Cartwheel Galaxy
TIC 237913194,1,1,129.66,Blinking Galaxy
TIC 241249530,2,1,51.914,Cocoon Galaxy
TIC 257060897,1,1,208.449,Lindsay-Shapley Ring
TIC 279401253,1,2,275.957,Peekaboo Galaxy
TIC 365102760,1,1,36.685,Cosmos Redshift 7
TIC 393818343,1,1,123.769,Fireworks Galaxy
TIC 46432937,1,1,64.394,Mice Galaxies
TIC 4672985,1,1,183.965,Helix Galaxy
TOI-1052,1,2,124.501,Antennae Galaxies
TOI-1062,1,2,211.779,Medusa Merger
TOI-1064,1,2,144.508,Blinking Galaxy
TOI-1075,1,1,128.236,Sombrero Galaxy
TOI-1107,1,1,155.944,Spiderweb Galaxy
TOI-1130,1,2,94.515,Butterfly Galaxies
TOI-1135,1,1,220.652,Coma Pinwheel Galaxy
TOI-1136,1,6,146.69,Helix Galaxy
TOI-1173,2,1,260.592,Cartwheel Galaxy
TOI-1174,1,1,179.36,Fireworks Galaxy
TOI-1180,1,1,244.86,Cosmos Redshift 7
TOI-1181,1,1,78.634,Whale Galaxy
TOI-1184,1,1,273.28,Backward Galaxy
TOI-1194,1,1,51.706,Comet Galaxy
TOI-1199,1,1,71.523,Comet Galaxy
TOI-1201,2,1,197.282,Sunflower Galaxy
TOI-122,1,1,106.917,Coma Pinwheel Galaxy
TOI-1221,1,1,205.477,Sunflower Galaxy
TOI-1224,1,2,92.074,Fireworks Galaxy
TOI-1227,1,1,134.785,Hidden Galaxy
TOI-1231,1,1,74.171,Needle Galaxy
TOI-1235,1,1,289.991,Large Magellanic Cloud
TOI-1244,1,1,198.019,Topsy Turvy Galaxy
TOI-1246,1,4,90.32,Spider Galaxy
TOI-1248,1,1,39.048,Condor Galaxy
TOI-1249,1,1,126.094,Eye of God
TOI-125,1,3,197.182,Fried Egg Galaxy
TOI-1259 A,2,1,8.156,Knife Edge Galaxy
TOI-1260,1,3,104.55,Medusa Merger
TOI-1266,1,2,278.059,Little Sombrero Galaxy
TOI-1268,1,1,138.873,Cocoon Galaxy
TOI-1269,1,1,101.35,Knife Edge Galaxy
TOI-1272,1,2,90.359,Backward Galaxy
TOI-1273,1,1,153.478,Hoag's Object
TOI-1278,1,1,149.047,Eye of God
TOI-1279,1,1,277.819,Black Eye Galaxy
TOI-128,1,1,120.457,Bode's Galaxy
TOI-1288,1,2,99.801,Bear Paw Galaxy
TOI-1294,1,2,225.661,Helix Galaxy
TOI-1295,1,1,200.491,Circinus Galaxy
TOI-1296,1,1,166.513,Black Eye Galaxy
TOI-1298,1,1,210.984,Fried Egg Galaxy
TOI-1301,1,1,144.911,Paramecium Galaxy
TOI-132,1,1,249.75,Little Sombrero Galaxy
TOI-1333,2,1,179.265,Hidden Galaxy
TOI-1338 A,2,2,188.011,Medusa Merger
TOI-1347,1,2,163.081,Medusa Merger
TOI-1386,1,2,285.082,Hoag's Object
TOI-139,1,1,53.821,Hoag's Object
TOI-1408,1,2,215.137,Needle Galaxy
TOI-1410,1,2,148.754,Coma Pinwheel Galaxy
TOI-1411,1,1,195.852,Black Eye Galaxy
TOI-1416,1,1,18.354,Mayall's Object
TOI-1420,1,1,30.232,Sunflower Galaxy
TOI-1422,1,1,48.454,UFO Galaxy
TOI-1431,1,1,182.273,Bear Paw Galaxy
TOI-1437,1,1,117.394,Helix Galaxy
TOI-1439,1,1,64.831,Starfish Galaxy
TOI-1442,1,1,59.514,Hockey Stick Galaxies
TOI-1443,1,1,236.114,Grasshopper
TOI-1444,1,1,117.228,Eye of God
TOI-1448,1,1,107.016,Mayall's Object
TOI-1450 A,2,2,262.862,Hoag's Object
TOI-1451,1,1,124.684,Cigar Galaxy
TOI-1452,2,1,147.445,Hidden Galaxy
TOI-1467,1,1,181.7,Hockey Stick Galaxies
TOI-1468,1,2,165.995,Grasshopper
TOI-5218,1,1,190.974,Wolf-Lundmark-Melotte
TOI-5232,1,1,31.04,Hockey Stick Galaxies
TOI-5238,1,1,37.432,Whirlpool Galaxy
TOI-5293 A,2,1,212.365,Sculptor Dwarf Galaxy
TOI-530,1,1,237.162,Circinus Galaxy
TOI-5301,1,1,205.249,Fireworks Galaxy
TOI-5319,1,1,207.753,Paramecium Galaxy
TOI-532,1,1,173.021,Sombrero Galaxy
TOI-5344,1,1,256.734,Peekaboo Galaxy
TOI-5388,1,1,280.421,Spiderweb Galaxy
TOI-5398,1,2,188.195,Hoag's Object
TOI-540,1,1,267.027,Spiderweb Galaxy
TOI-544,1,2,101.438,Lindsay-Shapley Ring
TOI-5542,1,1,58.54,Dusty Hand Galaxy
TOI-558,1,1,188.034,Eye of Sauron
TOI-559,1,1,10.798,Condor Galaxy
TOI-561,1,4,18.704,Eye of God
TOI-5616,1,1,147.991,Hockey Stick Galaxies
TOI-5634 A,2,1,200.702,Topsy Turvy Galaxy
TOI-564,1,1,44.712,Antennae Galaxies
TOI-5678,1,1,291.346,Medusa Merger
TOI-5688 A,2,1,96.389,Helix Galaxy
TOI-5704,1,1,189.291,Lindsay-Shapley Ring
TOI-5713,1,1,158.164,Mice Galaxies
TOI-5720,1,1,25.327,Lindsay-Shapley Ring
TOI-5726,1,1,60.156,Medusa Merger
TOI-5786,2,1,144.226,Sculptor Dwarf Galaxy
TOI-5799,1,1,204.042,Eye of Sauron
TOI-5803,1,1,11.311,Antennae Galaxies
TOI-6002,1,1,114.12,Whale Galaxy
TOI-6008,1,1,235.503,Comet Galaxy
TOI-6016,1,1,145.36,Little Sombrero Galaxy
TOI-6029,1,1,98.583,Mice Galaxies
TOI-6034,2,1,11.726,Fried Egg Galaxy
TOI-6038 A,2,1,207.607,Cocoon Galaxy
TOI-6054,1,2,139.645,Helix Galaxy
TOI-6086,1,1,58.24,Porphyrion
TOI-6130,1,1,102.184,Dusty Hand Galaxy
TOI-615,1,1,121.701,Triangulum Galaxy
TOI-620,1,1,173.955,Little Sombrero Galaxy
TOI-622,1,1,272.035,Hoag's Object
TOI-6255,1,1,20.98,Little Sombrero Galaxy
TOI-628,1,1,68.134,Tadpole Galaxy
TOI-6383 A,2,1,20.065,Knife Edge Galaxy
TOI-640,1,1,173.242,Peekaboo Galaxy
TOI-654,1,1,46.984,Lindsay-Shapley Ring
TOI-663,1,3,14.233,Eye of Sauron
TOI-6651,1,1,169.556,Comet Galaxy
TOI-669,1,1,50.144,Dusty Hand Galaxy
TOI-672,1,1,58.91,Blinking Galaxy
TOI-674,1,1,2.418,Helix Galaxy
TOI-677,1,1,288.162,Helix Galaxy
TOI-700,1,4,129.786,Sombrero Galaxy
TOI-712,1,3,57.212,#N/A
TOI-715,1,1,16.406,Godzilla Galaxy
TOI-733,1,1,85.295,Topsy Turvy Galaxy
TOI-757,1,1,106.584,Tadpole Galaxy
TOI-762 A,2,1,98.127,Barnard's Galaxy
TOI-763,1,2,204.064,Small Magellanic Cloud
TOI-771,1,1,72.33,Black Eye Galaxy
TOI-776,1,2,164.652,Backward Galaxy
TOI-778,1,1,234.634,Lindsay-Shapley Ring
TOI-782,1,1,99.949,Condor Galaxy
HD 307842,1,1,165.845,Dusty Hand Galaxy
TOI-813,1,1,216.026,Dusty Hand Galaxy
TOI-815,2,2,31.314,Alcyoneus
TOI-824,1,1,31.931,Dusty Hand Galaxy
TOI-833,1,1,107.937,Mayall's Object
TOI-836,1,2,276.664,Whale Galaxy
TOI-837,1,1,239.382,Malin 1
TOI-849,1,1,113.225,Comet Galaxy
TOI-858 B,2,1,132.355,Whale Galaxy
TOI-871,1,1,287.26,Barnard's Galaxy
TOI-880,1,1,24.343,Needle Galaxy
TOI-892,1,1,104.197,Backward Galaxy
TOI-904,1,2,201.843,Cartwheel Galaxy
TOI-905,1,1,295.418,Cosmos Redshift 7
TOI-907,1,1,133.843,Coma Pinwheel Galaxy
TOI-908,1,1,49.208,Backward Galaxy
TOI-913,1,1,256.741,Whirlpool Galaxy
TOI-942,3,2,203.088,Blinking Galaxy
TOI-954,1,1,58.239,Eye of God
TOI-969,1,2,277.84,Peekaboo Galaxy
TRAPPIST-1,1,7,118.983,Southern Pinwheel Galaxy
TYC 0434-04538-1,1,1,50.748,Black Eye Galaxy
TYC 1422-614-1,1,2,65.85,Butterfly Galaxies
TYC 2187-512-1,1,1,234.164,Black Eye Galaxy
TYC 3318-01333-1,1,1,243.237,Eye of Sauron
TYC 3667-1280-1,1,1,164.194,Medusa Merger
TYC 4282-00605-1,1,1,63.847,Whale Galaxy
TYC 8998-760-1,1,2,119.316,Eye of God
Teegarden's Star,1,3,156.56,Mice Galaxies
TrES-1,2,1,193.76,Medusa Merger
TrES-2,2,1,228.886,Lindsay-Shapley Ring
TrES-3,1,1,53.667,Lindsay-Shapley Ring
TrES-4,2,1,220.891,Eye of Sauron
TrES-5,1,1,125.845,Meathook Galaxy
UCAC3 113-933,1,1,97.307,Backward Galaxy
UCAC4 328-061594,1,1,91.529,Starfish Galaxy
UKIRT-2017-BLG-001L,1,1,247.03,Bode's Galaxy
USco CTIO 108,1,1,56.137,Butterfly Galaxies
USco1556 A,1,1,58.565,Bode's Galaxy
USco1621 A,1,1,249.157,Cigar Galaxy
UZ For,2,2,264.461,Eye of God
V0391 Peg,1,1,69.173,Grasshopper
V1298 Tau,3,4,197.976,Coma Pinwheel Galaxy
V830 Tau,1,1,290.929,Dusty Hand Galaxy
VHS J125601.92-125723.9,2,1,253.851,Butterfly Galaxies
WASP-1,2,1,193.795,Mayall's Object
WASP-10,1,1,248.129,Coma Pinwheel Galaxy
WASP-100,2,1,228.931,Spiderweb Galaxy
WASP-101,1,1,269.222,Mice Galaxies
WASP-103,1,1,139.573,Southern Pinwheel Galaxy
WASP-104,2,1,151.525,Meathook Galaxy
WASP-105,1,1,205.772,Eye of God
WASP-106,1,1,266.276,Fireworks Galaxy
WASP-107,1,2,225.764,Knife Edge Galaxy
WASP-11,3,1,159.715,Triangulum Galaxy
WASP-110,1,1,82.138,Coma Pinwheel Galaxy
WASP-113,1,1,290.483,Needle Galaxy
WASP-114,2,1,173.403,Milky Way
WASP-117,1,1,205.13,Condor Galaxy
WASP-118,1,1,87.438,Knife Edge Galaxy
WASP-119,1,1,233.612,Hoag's Object
WASP-12,3,1,240.094,Alcyoneus
WASP-120,1,1,85.325,UFO Galaxy
WASP-121,1,1,236.145,Fried Egg Galaxy
WASP-123,2,1,120.867,Hoag's Object
WASP-124,1,1,24.178,Fried Egg Galaxy
WASP-126,1,2,94.394,Hidden Galaxy
WASP-127,2,1,268.72,Condor Galaxy
WASP-129,2,1,18.107,Andromeda Galaxy
WASP-13,1,1,147.766,Knife Edge Galaxy
WASP-130,1,1,261.939,Medusa Merger
WASP-131,1,1,134.232,Spider Galaxy
WASP-132,1,3,180.955,Fireworks Galaxy
WASP-133,1,1,158.243,Dusty Hand Galaxy
WASP-135,1,1,212.441,Meathook Galaxy
WASP-136,1,1,268.594,Wolf-Lundmark-Melotte
WASP-138,1,1,127.313,Circinus Galaxy
WASP-139,2,1,240.887,Andromeda Galaxy
WASP-14,3,1,231.448,Topsy Turvy Galaxy
WASP-140,2,1,69.401,Peekaboo Galaxy
WASP-141,1,1,146.549,Sculptor Galaxy
WASP-142,1,1,42.84,Cosmos Redshift 7
WASP-144,1,1,23.458,Lindsay-Shapley Ring
WASP-145 A,2,1,168.058,Hockey Stick Galaxies
WASP-147,1,1,26.063,Blinking Galaxy
WASP-148,1,2,21.596,Cocoon Galaxy
WASP-15,1,1,165.627,Sculptor Dwarf Galaxy
WASP-150,1,1,184.842,Eye of Sauron
WASP-151,1,1,288.365,Malin 1
WASP-153,1,1,0.461,Barnard's Galaxy
WASP-156,1,1,161.953,Cocoon Galaxy
WASP-157,1,1,23.296,Large Magellanic Cloud
WASP-158,1,1,188.081,Hidden Galaxy
WASP-159,1,1,65.101,Medusa Merger
WASP-16,1,1,222.936,Mayall's Object
WASP-160 B,2,1,297.33,Dusty Hand Galaxy
WASP-84,1,2,119.942,Porphyrion
WASP-85 A,2,1,81.976,Cartwheel Galaxy
WASP-87,2,1,130.494,Knife Edge Galaxy
WASP-88,1,1,231.347,Wolf-Lundmark-Melotte
WASP-89,1,1,51.5,Medusa Merger
WASP-90,1,1,255.689,Barnard's Galaxy
WASP-91,1,1,188.086,Bear Paw Galaxy
WASP-92,1,1,112.262,Starfish Galaxy
WASP-93,1,1,273.636,Helix Galaxy
WASP-94 A,2,2,289.256,Condor Galaxy
WASP-94 B,2,2,76.076,Butterfly Galaxies
WASP-95,1,1,244.441,Hidden Galaxy
WASP-96,1,1,201.879,Southern Pinwheel Galaxy
WASP-97,1,1,199.224,Bode's Galaxy
WASP-98,2,1,260.787,Eye of Sauron
WASP-99,1,1,10.313,Wolf-Lundmark-Melotte
WD 0806-661,1,1,22.683,Large Magellanic Cloud
WD 1856+534,3,1,227.821,UFO Galaxy
WISE J033605.05-014350.4,1,1,74.457,Malin 1
WISEP J121756.91+162640.2 A,1,1,75.967,Sunflower Galaxy
WTS-1,1,1,220.131,Cosmos Redshift 7
WTS-2,1,1,261.811,Triangulum Galaxy
Wendelstein-1,1,1,145.629,Porphyrion
Wendelstein-2,1,1,123.546,Medusa Merger
Wolf 1061,1,3,164.4,Eye of Sauron
Wolf 1069,1,1,173.095,Mayall's Object
Wolf 327,1,1,20.733,Cocoon Galaxy
Wolf 503,1,1,203.912,Needle Galaxy
XO-1,1,1,273.5,Grasshopper
XO-2 N,2,3,44.193,Barnard's Galaxy
XO-2 S,2,3,5.04,Cocoon Galaxy
XO-3,1,1,127.951,Whale Galaxy
XO-4,1,1,264.159,Godzilla Galaxy
XO-5,1,1,186.188,Backward Galaxy
XO-6,1,1,195.609,Hockey Stick Galaxies
XO-7,1,1,95.987,Godzilla Galaxy
YSES 2,1,1,299.201,Starfish Galaxy
YZ Cet,1,3,3.521,Cocoon Galaxy
alf Ari,1,1,61.823,Antennae Galaxies
alf Tau,2,1,41.479,Sculptor Galaxy
b Cen A,2,1,174.597,Coma Pinwheel Galaxy
bet Cnc,2,1,55.15,Malin 1
bet Pic,1,2,89.631,Meathook Galaxy
bet UMi,1,1,24.909,Black Eye Galaxy
eps CrB,1,1,293.524,Hidden Galaxy
eps Eri,1,1,39.671,Mice Galaxies
eps Ind A,3,1,256.973,Fireworks Galaxy
eps Tau,1,1,212.707,Cigar Galaxy
gam Cep,2,1,124.562,Sombrero Galaxy
gam Lib,1,2,257.184,Skyrocket Galaxy
gam Psc,1,1,208.947,Hockey Stick Galaxies
gam1 Leo,2,1,74.719,Triangulum Galaxy
iot Dra,1,2,9.685,Black Eye Galaxy
kap And,1,1,273.772,Eye of God
kap CrB,1,1,56.962,Fireworks Galaxy
mu Leo,1,1,114.415,Whirlpool Galaxy
mu2 Sco,1,1,242.198,Coma Pinwheel Galaxy
nu Oct A,2,1,243.489,Eye of God
nu Oph,1,2,198.622,Cartwheel Galaxy
ome Ser,2,1,91.972,Pinwheel Galaxy
omi CrB,1,1,261.903,UFO Galaxy
omi UMa,2,1,207.815,Barnard's Galaxy
HD 39091,1,3,55.482,Little Sombrero Galaxy
psi1 Dra B,3,1,279.348,Backward Galaxy
rho CrB,1,4,60.553,Knife Edge Galaxy
tau Boo,2,1,119.795,Milky Way
tau Cet,1,4,107.256,Topsy Turvy Galaxy
tau Gem,1,1,152.745,Knife Edge Galaxy
ups And,2,3,233.199,Knife Edge Galaxy
ups Leo,1,1,235.381,Condor Galaxy
xi Aql,1,1,50.41,Black Eye Galaxy
